Playlist ID                                                         | Trade      | Year  | Module        | Title                                                     | Description                                                                                                                                                                                                                     | Youtube video link             | Google Forms
playlist?list=PL82K0I4-0q_ziXZMQM3DhQB2PGIDFu0g_&si=QMvlGkhWwtFK1r35| COPA       | Year 1| Module 1      | 1 Safe Working Practices                                  | An essential safety training session for ITI COPA students covering computer lab protocols, electrical precautions, and proper ergonomic habits.                                                                                | kRSPSio9h14?si=Kzjc2bJQElj0U3TC| 
playlist?list=PL82K0I4-0q_ziXZMQM3DhQB2PGIDFu0g_&si=QMvlGkhWwtFK1r35| COPA       | Year 1| Module 2      | 1 Introduction to Computers                               | A foundational overview for ITI COPA students introducing core computer hardware components, basic architecture, and the fundamental principles of computing.                                                                   | Q1NX85QN5zo?si=-Ag9xlZUE4l1rxMZ| https://forms.gle/KiwTsymk2mq4Q9r76
playlist?list=PL82K0I4-0q_ziXZMQM3DhQB2PGIDFu0g_&si=QMvlGkhWwtFK1r35| COPA       | Year 1| Module 3      | 1 Windows Operating System                                | An introductory video for ITI COPA students exploring the basics of the Windows Operating System, including file management, system settings, and desktop navigation.                                                           | iEJ0YeCBoJ8?si=Tm5Gyf9bStWJp1tW| https://forms.gle/N2XpA7T4LjXabG6p8
playlist?list=PL82K0I4-0q_ziXZMQM3DhQB2PGIDFu0g_&si=QMvlGkhWwtFK1r35| COPA       | Year 1| Module 4      | 1 DOS & LINUX Operating System                            | A comprehensive introduction for ITI COPA students comparing the fundamentals, core command-line interfaces, and file management systems of DOS and Linux.                                                                      | FGfd2zBcy5Y?si=tFahscyDKyoH-68k| https://forms.gle/KdkqgNHZcCWdgmpu9
playlist?list=PL82K0I4-0q_ziXZMQM3DhQB2PGIDFu0g_&si=QMvlGkhWwtFK1r35| COPA       | Year 1| Module 5      | 1 MS Word                                                 | A practical tutorial for ITI COPA students covering Microsoft Word essentials, including document creation, text formatting, and page layout tools.                                                                             | 24R66fQJBt0?si=YPbY65hLUUYgwHFL| https://forms.gle/e99FPwDzbDZAyMSh7
playlist?list=PL82K0I4-0q_ziXZMQM3DhQB2PGIDFu0g_&si=QMvlGkhWwtFK1r35| COPA       | Year 1| Module 6      | 1 MS Excel                                                | A hands-on guide for ITI COPA students mastering Microsoft Excel, focusing on spreadsheets, formulas, data analysis, and basic charting techniques.                                                                             | -BmhxVAzSW8?si=m4jHjdaKUbuFQ13c| https://forms.gle/s9oXRqbT5CvRBdYD9
playlist?list=PL82K0I4-0q_ziXZMQM3DhQB2PGIDFu0g_&si=QMvlGkhWwtFK1r35| COPA       | Year 1| Module 7      | 1 MS Power Point                                          | A dynamic training session for ITI COPA students on creating impactful presentations using Microsoft PowerPoint, covering slide design, animations, and delivery techniques.                                                    | lF4Ex4P-7oI?si=TVyYPI3NqA6nVYvg| https://forms.gle/rUHrPXzD734WTtWY9
playlist?list=PL82K0I4-0q_ziXZMQM3DhQB2PGIDFu0g_&si=QMvlGkhWwtFK1r35| COPA       | Year 1| Module 8      | 1 Database Concepts DBMS, MySQL                           | A foundational introduction for ITI COPA students covering relational database concepts, DBMS architecture, and basic data manipulation using MySQL.                                                                            | VdcV8uGaLa8?si=phsAsy7apybByU2B| https://forms.gle/Mkx5Q3atMtjKKKta6
playlist?list=PL82K0I4-0q_ziXZMQM3DhQB2PGIDFu0g_&si=QMvlGkhWwtFK1r35| COPA       | Year 1| Module 9      | 1 Networking Topology, Server, LAN, WAN, OSI 7 layer Model| An essential overview for ITI COPA students explaining network topologies, LAN/WAN architectures, server basics, and the conceptual framework of the OSI 7-layer model.                                                         | 2DnPB6w9jos?si=I20paMZhOIKfOKw-| https://forms.gle/Jbo6vRJ3Hmjv2q5g8
playlist?list=PL82K0I4-0q_ziXZMQM3DhQB2PGIDFu0g_&si=QMvlGkhWwtFK1r35| COPA       | Year 1| Module 10     | 1 Internet web Browser, Search engine                     | A practical introduction for ITI COPA students on navigating the internet, understanding web browser functionalities, and leveraging search engines for efficient data retrieval.                                               | MSAKn2PL-tc?si=vwgKRByExNQSgEMz| https://forms.gle/ruAXBY6CZ6cpFnQw6
playlist?list=PL82K0I4-0q_ziXZMQM3DhQB2PGIDFu0g_&si=QMvlGkhWwtFK1r35| COPA       | Year 1| Module 11     | 1 Introduction to HTML                                    | A foundational introduction for ITI COPA students on the basics of HTML, covering core tags, document structure, and the essentials of web page creation.                                                                       | PT4U_piwrJA?si=4KMLj-oa2tTn-jH7| https://forms.gle/xF5v8iBQy1JhZfjX8
playlist?list=PL82K0I4-0q_ziXZMQM3DhQB2PGIDFu0g_&si=QMvlGkhWwtFK1r35| COPA       | Year 1| Module 11     | 2 Introduction to CSS                                     | An introductory guide for ITI COPA students on the basics of CSS, covering styling concepts, selectors, and layout properties used to design engaging web pages.                                                                | yTM1OD1WJfM?si=b3VcBfJNFIPhibhm| 
playlist?list=PL82K0I4-0q_ziXZMQM3DhQB2PGIDFu0g_&si=QMvlGkhWwtFK1r35| COPA       | Year 1| Module 11     | 3 Introduction to JavaScript                              | An introductory guide for ITI COPA students explaining the core fundamentals of JavaScript, web scripting basics, and how to add interactivity to web pages.                                                                    | zfhupxtgV-0?si=MycS1WY2UFoqpsak| 
playlist?list=PL82K0I4-0q_ziXZMQM3DhQB2PGIDFu0g_&si=QMvlGkhWwtFK1r35| COPA       | Year 1| Module 11     | 4 Introduction to Wordpress                               | A practical introduction for ITI COPA students on setting up and navigating WordPress to create, customize, and manage dynamic websites.                                                                                        | c84BKnAtqfo?si=V0zQTLlStbsARSir| 
playlist?list=PL82K0I4-0q_ziXZMQM3DhQB2PGIDFu0g_&si=QMvlGkhWwtFK1r35| COPA       | Year 1| Module 12     | 1 E Commerce                                              | A comprehensive introduction for ITI COPA students exploring e-commerce fundamentals, online business models, digital payment systems, and secure internet transactions.                                                        | vFqCJbQ6dkE?si=UksEm6u_JDtYbG1y| https://forms.gle/pQCgDqyLi5PGEQF47
playlist?list=PL82K0I4-0q_ziXZMQM3DhQB2PGIDFu0g_&si=QMvlGkhWwtFK1r35| COPA       | Year 1| Module 13     | 1 Cyber Security                                          | An essential security guide for ITI COPA students covering digital safety protocols, common cyber threats, and best practices for protecting sensitive data online.                                                             | 1hj1RT1yDvQ?si=5gVHAd74ul7sWUal| https://forms.gle/55usZxEr7QfmkCbz5
playlist?list=PL82K0I4-0q_ziXZMQM3DhQB2PGIDFu0g_&si=QMvlGkhWwtFK1r35| COPA       | Year 1| Module 14     | 1 SDLC                                                    | A comprehensive overview for ITI COPA students detailing the software development life cycle phases, from planning and design to testing and deployment.                                                                        | 5PBIyQFXKJI?si=evjrwP7VgMsrF1_9| https://forms.gle/cghfTzfbzdiAd2Zf8
playlist?list=PL82K0I4-0q_ziXZMQM3DhQB2PGIDFu0g_&si=QMvlGkhWwtFK1r35| COPA       | Year 1| Module 15     | 1 Programming Language                                    | An introductory guide for ITI COPA students explaining the core concepts of programming languages, logical syntax, and the fundamentals of software development.                                                                | 2G9MZCV8iCY?si=pnlgH5wmdGdM6CRi| https://forms.gle/9xFEkCbvYHwRAmtJA
playlist?list=PL82K0I4-0q_ziXZMQM3DhQB2PGIDFu0g_&si=QMvlGkhWwtFK1r35| COPA       | Year 1| Module 15     | 2.A Python Language                                       | An introductory guide for ITI COPA students covering the fundamentals of Python programming, including syntax, core data types, and basic logic controls.                                                                       | cqTlV4Tli4k?si=fhMWBbY_Gtdns1za| 
playlist?list=PL82K0I4-0q_ziXZMQM3DhQB2PGIDFu0g_&si=QMvlGkhWwtFK1r35| COPA       | Year 1| Module 15     | 3.B JAVA Language                                         | An introductory session for ITI COPA students on the fundamentals of the Java programming language, covering core syntax, object-oriented concepts, and basic program execution.                                                | gl9GzNl9pfE?si=XQhgh3fS8A_qg4A7| 
playlist?list=PL82K0I4-0q_ySun36XqwwRgSym1Nky0wg                    | Electrician| Year 1| Module 1      | 1 Electrician trade and careers                           | Explore the core duties, training path, and diverse career opportunities in the Electrician Trade for 1st-year students entering the field.                                                                                     | Kyfb7fF3ev4?si=7uh42ng8B7W3_ifp| 
playlist?list=PL82K0I4-0q_ySun36XqwwRgSym1Nky0wg                    | Electrician| Year 1| Module 1      | 2 Electrician Safety Rules                                | Master essential workplace safety protocols, hazard prevention, and protective equipment for 1st-year students in the Electrician Trade.                                                                                        | 381mrE7lrw0?si=CfwZxqRL0iftsL-Y| 
playlist?list=PL82K0I4-0q_ySun36XqwwRgSym1Nky0wg                    | Electrician| Year 1| Module 1      | 3 Fire Safety                                             | Learn crucial fire prevention methods, extinguisher types, and emergency protocols tailored for 1st-year students in the Electrician Trade.                                                                                     | i1KpYga3ZMw?si=wRroQkC_WOyHBWEG| 
playlist?list=PL82K0I4-0q_ySun36XqwwRgSym1Nky0wg                    | Electrician| Year 1| Module 1      | 4 Rescue operation-First aid                              | Learn vital electrical shock rescue techniques and immediate first-aid procedures for 1st-year students in the Electrician Trade.                                                                                               | oj9nz8LOoF0?si=c4eu47-ASqHpwaHX| 
playlist?list=PL82K0I4-0q_ySun36XqwwRgSym1Nky0wg                    | Electrician| Year 1| Module 1      | 5 Disposal of waste material                              | Understand proper scrap handling, environmental regulations, and safe disposal methods for 1st-year students in the Electrician Trade.                                                                                          | qnvy1sNr7_I?si=HxfFCYDSqKILwOFI| 
playlist?list=PL82K0I4-0q_ySun36XqwwRgSym1Nky0wg                    | Electrician| Year 1| Module 1      | 6 Personal Protective Equipment                           | Discover essential personal protective equipment (PPE) requirements and proper usage guidelines for 1st-year students in the Electrician Trade.                                                                                 | Kv20LQIp97s?si=TDTbI-Y9mJ725DN4| 
playlist?list=PL82K0I4-0q_ySun36XqwwRgSym1Nky0wg                    | Electrician| Year 1| Module 1      | 7 Cleanliness and maintenance of workshop                 | Maintain a professional work environment through essential cleaning habits and tool care for 1st-year students in the Electrician Trade.                                                                                        | WDjUCXvANek?si=09OlIKzqJeD2NvEA| 
playlist?list=PL82K0I4-0q_ySun36XqwwRgSym1Nky0wg                    | Electrician| Year 1| Module 1      | 8.1 Standard and Standardisation                          | Understand the importance of electrical codes, national standards, and quality benchmarks for 1st-year students in the Electrician Trade.                                                                                       | xjss17sPxJo?si=lGnwaVWCi-525-I3| 
playlist?list=PL82K0I4-0q_ySun36XqwwRgSym1Nky0wg                    | Electrician| Year 1| Module 1      | 8.2 Trade hand Tools                                      | Master the proper identification, safe handling, and care of essential hand tools required for 1st-year students in the Electrician Trade.                                                                                      | PAfRqIX6vL4?si=2ww6IGYiVvKNbemE| 
playlist?list=PL82K0I4-0q_z3rrw-XfzQDMVDGH93P8Px                    | Electrician| Year 1| Module 2      | 1.1 Fundamental of electricity                            | Master the core concepts of voltage, current, resistance, and electron theory designed for 1st-year students in the Electrician Trade.                                                                                          | kW_yw6wpQ2Q?si=orAvj9MRzJ7lCszW| 
playlist?list=PL82K0I4-0q_z3rrw-XfzQDMVDGH93P8Px                    | Electrician| Year 1| Module 2      | 1.2 Types of Electrical Supply                            | Explore the core differences, characteristics, and practical applications of AC and DC systems for 1st-year students in the Electrician Trade.                                                                                  | VoNH8avzv5M?si=2QT9p8dYIfwWCmOZ| 
playlist?list=PL82K0I4-0q_z3rrw-XfzQDMVDGH93P8Px                    | Electrician| Year 1| Module 2      | 1.3 Skinning of cables                                    | Learn the correct techniques and safe tool usage for insulation stripping and skinning of cables, essential for 1st-year students in the Electrician Trade.                                                                     | CFLhwMSUjhs?si=an9cb99U5Hrn1zlS| 
playlist?list=PL82K0I4-0q_z3rrw-XfzQDMVDGH93P8Px                    | Electrician| Year 1| Module 2      | 2 Wire joints                                             | Learn to make strong, low-resistance electrical connections using standard splicing methods tailored for 1st-year students in the Electrician Trade.                                                                            | QIlP1r94yZ0?si=4mFrNFNiDTDJx-zG| 
playlist?list=PL82K0I4-0q_z3rrw-XfzQDMVDGH93P8Px                    | Electrician| Year 1| Module 2      | 3 Underground cables                                      | Explore the construction, laying methods, and fault detection of power cables designed for 1st-year students in the Electrician Trade.                                                                                          | -lFxw5AnA3g?si=TtQjh75nCyb5n99k| 
playlist?list=PL82K0I4-0q_z7pd_cm4tFmYsIgHPrSYHv                    | Electrician| Year 1| Module 3      | 1 Ohm_s law                                               | Master the fundamental relationship between voltage, current, and resistance using Ohm's Law, designed for 1st-year students in the Electrician Trade.                                                                          | Bfbn4YaGMwg?si=QGJb3AF8ufy2KTs3| 
playlist?list=PL82K0I4-0q_z7pd_cm4tFmYsIgHPrSYHv                    | Electrician| Year 1| Module 3      | 2 Kirchhoff_s law and its application                     | Learn to analyze complex electrical circuits using Kirchhoff's Current and Voltage Laws, tailored for 1st-year students in the Electrician Trade.                                                                               | ubbg8eRhcVw?si=bj4MyCMWsQ6qhYry| 
playlist?list=PL82K0I4-0q_z7pd_cm4tFmYsIgHPrSYHv                    | Electrician| Year 1| Module 3      | 3 DC series and parallel circuits                         | Learn to calculate total resistance, current, and voltage distribution in series and parallel networks for 1st-year students in the Electrician Trade.                                                                          | apAz3yHwRxQ?si=SWiifjeHsEX16fys| 
playlist?list=PL82K0I4-0q_z7pd_cm4tFmYsIgHPrSYHv                    | Electrician| Year 1| Module 3      | 4 Open and short circuit in series                        | Understand the behavior, troubleshooting steps, and circuit effects of open and short faults for 1st-year students in the Electrician Trade.                                                                                    | PaYhjxwlxBo?si=zZOHydEWtSix7UPL| 
playlist?list=PL82K0I4-0q_z7pd_cm4tFmYsIgHPrSYHv                    | Electrician| Year 1| Module 3      | 5 Law  of resistance                                      | Explore the factors affecting electrical resistance, including material, length, and cross-sectional area, designed for 1st-year students in the Electrician Trade.                                                             | quZcEfqX1bo?si=a0nns-RzJO15gsf9| 
playlist?list=PL82K0I4-0q_z7pd_cm4tFmYsIgHPrSYHv                    | Electrician| Year 1| Module 3      | 6 Wheatstone bridge                                       | Learn how to balance networks and accurately measure unknown electrical resistance using a Wheatstone bridge, tailored for 1st-year students in the Electrician Trade.                                                          | 2KdD44e5-1M?si=el16ZSyQED97HDAK| 
playlist?list=PL82K0I4-0q_z7pd_cm4tFmYsIgHPrSYHv                    | Electrician| Year 1| Module 3      | 7 Series and parallel  circui                             | Master the practical layout, voltage drops, and current behavior in combination series and parallel circuits for 1st-year students in the Electrician Trade.                                                                    | -PtZ5Fzlnr0?si=0K7zFMWzN0TLCnWq| 
playlist?list=PL82K0I4-0q_zVmb7xJAT85i_BDfSm3tPM                    | Electrician| Year 1| Module 4      | 1 Magnetic terms                                          | Master the fundamental concepts of flux density, permeability, and magnetic field strength designed for 1st-year students in the Electrician Trade.                                                                             | dikjr0yjwak?si=TCVUxWp-TntTCvc2| 
playlist?list=PL82K0I4-0q_zVmb7xJAT85i_BDfSm3tPM                    | Electrician| Year 1| Module 4      | 2 Principles and laws of electro magnetism                | Understand the core principles of electromagnetic induction, Faraday's laws, and Lenz's law tailored for 1st-year students in the Electrician Trade.                                                                            | vNW6ZQ63mVY?si=vsvv82qVfapnVbpi| 
playlist?list=PL82K0I4-0q_zVmb7xJAT85i_BDfSm3tPM                    | Electrician| Year 1| Module 4      | 3 Magnetic and capacitor                                  | Explore the principles of electromagnetic induction and electrostatic charge storage in capacitors, designed for 1st-year students in the Electrician Trade.                                                                    | Xuci-q1nzF0?si=ubN-aqRkTKOSHNvx| 
playlist?list=PL82K0I4-0q_zVmb7xJAT85i_BDfSm3tPM                    | Electrician| Year 1| Module 4      | 4 Capacitors and types                                    | Learn about capacitance, dielectric materials, and the practical selection of different capacitor types for 1st-year students in the Electrician Trade.                                                                         | SLuYgtFXw_E?si=aMX1zUk3g7gID6q3| 
playlist?list=PL82K0I4-0q_wOdH5cXL9qS5XiS4jjdTcU                    | Electrician| Year 1| Module 5      | 1.1 Alternating current                                   | Master the fundamental concepts of AC waveforms, frequency, amplitude, and peak values designed for 1st-year students in the Electrician Trade.                                                                                 | Mb-uPwOY3lE?si=LflNsFHm78y7ynPD| 
playlist?list=PL82K0I4-0q_wOdH5cXL9qS5XiS4jjdTcU                    | Electrician| Year 1| Module 5      | 1.2 Neutral and earth conductors                          | Learn the vital roles, distinct differences, and wiring configurations of neutral and earth conductors, tailored for 1st-year students in the Electrician Trade.                                                                | 3qq4OdaC9tI?si=dq5dg_T42vU4B-8o| 
playlist?list=PL82K0I4-0q_wOdH5cXL9qS5XiS4jjdTcU                    | Electrician| Year 1| Module 5      | 1.3 A.C. circuit with R & L in series                     | Understand the behavior, impedance calculation, and phase relationships in a series R-L circuit, tailored for 1st-year students in the Electrician Trade.                                                                       | NdOdNI9oSV4?si=Nhvjz5-lzb-S92oZ| 
playlist?list=PL82K0I4-0q_wOdH5cXL9qS5XiS4jjdTcU                    | Electrician| Year 1| Module 5      | 2 Series resonance circuit                                | Learn the conditions, frequency calculations, and impedance behavior of a series resonance circuit, tailored for 1st-year students in the Electrician Trade.                                                                    | gHiveNAGnoY?si=GFawkSrVKBJii6kG| 
playlist?list=PL82K0I4-0q_wOdH5cXL9qS5XiS4jjdTcU                    | Electrician| Year 1| Module 5      | 3 AC circuit                                              | Understand the principles of alternating current, impedance, and power factor in single-phase systems, tailored for 1st-year students in the Electrician Trade.                                                                 | gHiveNAGnoY?si=jSsw9fZ6_ymU1H3D| 
playlist?list=PL82K0I4-0q_wOdH5cXL9qS5XiS4jjdTcU                    | Electrician| Year 1| Module 5      | 4 Parallel resonance circuits                             | Learn the conditions, maximum impedance behavior, and frequency characteristics of a parallel resonance circuit, tailored for 1st-year students in the Electrician Trade.                                                       | zElrDFvtL3Q?si=qn3y-pboABGWxaxY| 
playlist?list=PL82K0I4-0q_wOdH5cXL9qS5XiS4jjdTcU                    | Electrician| Year 1| Module 5      | 5 Power, energy and power factor in AC                    | Master the relationship between active, reactive, and apparent power, alongside power factor correction, tailored for 1st-year students in the Electrician Trade.                                                               | KhHLzzGGQ4I?si=4YAnzYjSZw5xOAxZ| 
playlist?list=PL82K0I4-0q_wOdH5cXL9qS5XiS4jjdTcU                    | Electrician| Year 1| Module 5      | 6 Power factor                                            | Understand the importance of power factor, the causes of low power factor, and improvement methods for 1st-year students in the Electrician Trade.                                                                              | hsv4PT4WqcE?si=s1ZKlW0bwciPDWbg| 
playlist?list=PL82K0I4-0q_wOdH5cXL9qS5XiS4jjdTcU                    | Electrician| Year 1| Module 5      | 7.1 3-phase AC fundamentals                               | Master the principles of 3-phase AC generation, phase sequence, and line-to-phase relationships, tailored for 1st-year students in the Electrician Trade.                                                                       | m_f2_uuXygo?si=NVPD8VQTvJ6ypikv| 
playlist?list=PL82K0I4-0q_wOdH5cXL9qS5XiS4jjdTcU                    | Electrician| Year 1| Module 5      | 7.2 Systems of connection in 3-phase AC                   | Explore Star and Delta connection systems, calculating line and phase values in 3-phase AC networks, tailored for 1st-year students in the Electrician Trade.                                                                   | SoeoL62PqfA?si=O-s-ns8teiE44j3b| 
playlist?list=PL82K0I4-0q_wOdH5cXL9qS5XiS4jjdTcU                    | Electrician| Year 1| Module 5      | 7.3 how to calculate power                                | Learn how to calculate active, reactive, and apparent power in 3-phase AC systems, tailored for 1st-year students in the Electrician Trade.                                                                                     | VspYOlDNh2k?si=rt7VDPsEjGjb-dcQ| 
playlist?list=PL82K0I4-0q_wOdH5cXL9qS5XiS4jjdTcU                    | Electrician| Year 1| Module 5      | 7.4 Calculate 3-phase power                               | Master practical formulas and step-by-step calculations to determine total power in balanced and unbalanced 3-phase systems, tailored for 1st-year students in the Electrician Trade.                                           | VspYOlDNh2k?si=9GX_W7VVhzq-ezYM| 
playlist?list=PL82K0I4-0q_znB-pldilfLUteLSlozBQw                    | Electrician| Year 1| Module 6      | 1.1 Primary cells and secondary cells                     | Understand the differences, working principles, and chemical reactions of primary and secondary cells, tailored for 1st-year students in the Electrician Trade.                                                                 | UQ0qel2njvw?si=T_HGQM3WIQ-wsOVF| 
playlist?list=PL82K0I4-0q_znB-pldilfLUteLSlozBQw                    | Electrician| Year 1| Module 6      | 1.2 Battery from inside                                   | Explore the internal construction, components, and chemical layouts of standard batteries, tailored for 1st-year students in the Electrician Trade.                                                                             | wyGPb7fw58Y?si=2fyFgIDDyTb5Jeem| 
playlist?list=PL82K0I4-0q_znB-pldilfLUteLSlozBQw                    | Electrician| Year 1| Module 6      | 2 Grouping of cells                                       | Learn how to connect cells in series, parallel, and mixed combinations to achieve desired voltage and current outputs, tailored for 1st-year students in the Electrician Trade.                                                 | FycFoI58EKU?si=53GiUMO28MqiiT1g| 
playlist?list=PL82K0I4-0q_znB-pldilfLUteLSlozBQw                    | Electrician| Year 1| Module 6      | 3 Battery charging method                                 | Learn different battery charging methods, including constant current and constant voltage, tailored for 1st-year students in the Electrician Trade.                                                                             | DCxjHHSAexg?si=bP71wpmpMDQS1Ihc| 
playlist?list=PL82K0I4-0q_znB-pldilfLUteLSlozBQw                    | Electrician| Year 1| Module 6      | 4 Solar Battery and Solar cell                            | Explore the working principles, construction, and charging cycles of solar cells and solar batteries, tailored for 1st-year students in the Electrician Trade.                                                                  | _wHfoLR8udA?si=lzLmvNZ9GA5-x0As| 
playlist?list=PL82K0I4-0q_w7sNn52LkxkLidHngjwAfS                    | Electrician| Year 1| Module 7      | 1.1 B.I.S Symbols                                         | Learn the official Bureau of Indian Standards (B.I.S.) symbols used in electrical blueprints and circuit diagrams, tailored for 1st-year students in the Electrician Trade.                                                     | ZpJId683iV4?si=gp4x646ln4S8B2zI| 
playlist?list=PL82K0I4-0q_w7sNn52LkxkLidHngjwAfS                    | Electrician| Year 1| Module 7      | 1.2 Wiring accessories,IE Rules                           | Learn about essential wiring accessories and critical Indian Electricity (I.E.) Rules for safe installations, tailored for 1st-year students in the Electrician Trade.                                                          | utzoOasH6J4?si=NXVw5uM4pHRcFvZ8| 
playlist?list=PL82K0I4-0q_w7sNn52LkxkLidHngjwAfS                    | Electrician| Year 1| Module 7      | 1.3 CB,MCB,MCCB                                           | Learn the functions, differences, and applications of circuit breakers, MCBs, and MCCBs, tailored for 1st-year students in the Electrician Trade.                                                                               | 92KSBJUVEE8?si=lYXGcpLHZxrgscs0| 
playlist?list=PL82K0I4-0q_w7sNn52LkxkLidHngjwAfS                    | Electrician| Year 1| Module 7      | 1.4 ELCB                                                  | Learn the working principles, safety features, and installation of Earth Leakage Circuit Breakers (ELCB), tailored for 1st-year students in the Electrician Trade.                                                              | wp_T_HW2VDs?si=Wq-XwzKRExrjDXuj| 
playlist?list=PL82K0I4-0q_w7sNn52LkxkLidHngjwAfS                    | Electrician| Year 1| Module 7      | 1.5 Fuses,Relays                                          | Understand the operation, types, and protection roles of fuses and relays in electrical circuits, tailored for 1st-year students in the Electrician Trade.                                                                      | VlD8eWApQ90?si=8tzjw4hmiBAYhXbp| 
playlist?list=PL82K0I4-0q_w7sNn52LkxkLidHngjwAfS                    | Electrician| Year 1| Module 7      | 1.6 Domestic Wiring                                       | Master the layout planning, wiring methods, and practical installation steps for domestic building wiring, tailored for 1st-year students in the Electrician Trade.                                                             | vO_GPVScnM4?si=B6NLYRmaQYdufubI| 
playlist?list=PL82K0I4-0q_w7sNn52LkxkLidHngjwAfS                    | Electrician| Year 1| Module 7      | 2.1 Principle of laying out of domestic wiring            | Master the layout planning, load distribution, and safety guidelines for installing domestic wiring, tailored for 1st-year students in the Electrician Trade.                                                                   | zTh_RxTzMlA?si=cpFEHcKlPIf1ck0o| 
playlist?list=PL82K0I4-0q_w7sNn52LkxkLidHngjwAfS                    | Electrician| Year 1| Module 7      | 2.2 Metal conduit pipe                                    | Learn the installation procedures, bending techniques, and grounding rules for heavy-gauge metal conduit pipes, tailored for 1st-year students in the Electrician Trade.                                                        | WGwfpFG660E?si=8oPTimijBRy1YpMJ| 
playlist?list=PL82K0I4-0q_w7sNn52LkxkLidHngjwAfS                    | Electrician| Year 1| Module 7      | 3.1 Basic Electrical Wiring                               | Master the core concepts, connection methods, and circuit setups for basic electrical wiring, tailored for 1st-year students in the Electrician Trade.                                                                          | 5Pwh_Hdaoc4?si=IDEIUSLjCoKukeJj| 
playlist?list=PL82K0I4-0q_w7sNn52LkxkLidHngjwAfS                    | Electrician| Year 1| Module 7      | 3.2 Conduit Wiring                                        | Learn the methods, fittings, and step-by-step procedures for installing surface and concealed conduit wiring, tailored for 1st-year students in the Electrician Trade.                                                          | UWS8u3SUVjc?si=Fr8EWrl1LEbrqSZ4| 
playlist?list=PL82K0I4-0q_w7sNn52LkxkLidHngjwAfS                    | Electrician| Year 1| Module 7      | 3.3 PVC Channel                                           | Learn the methods, fittings, and layout planning for installing PVC channel (casing-capping) wiring systems, tailored for 1st-year students in the Electrician Trade.                                                           | R1co4kS0FPE?si=4O7o1-0ED1bZ0GOE| 
playlist?list=PL82K0I4-0q_w7sNn52LkxkLidHngjwAfS                    | Electrician| Year 1| Module 7      | 3.4 Power Wiring                                          | Learn the installation standards, cable sizing, and safety layouts for heavy-duty power wiring circuits, tailored for 1st-year students in the Electrician Trade                                                                | QFz3ZL7iRL0?si=JTdUMs-Q9Nroi6dJ| 
playlist?list=PL82K0I4-0q_w7sNn52LkxkLidHngjwAfS                    | Electrician| Year 1| Module 7      | 4 Special Wiring Ciruit                                   | Learn the connections, truth tables, and applications of special wiring circuits like staircase, tunnel, and corridor wiring, tailored for 1st-year students in the Electrician Trade.                                          | KW6PxKg84vU?si=B1Py5MHjt5vQCyl7| 
playlist?list=PL82K0I4-0q_wcQLR882bfyhaUGd78KW6s                    | Electrician| Year 1| Module 8      | 1 Main Board                                              | Learn the layout, component wiring, and installation of main distribution boards for safe power supply control, tailored for 1st-year students in the Electrician Trade.                                                        | PWaAgjP_ra0?si=L8j62wNFdRNp7YIR| 
playlist?list=PL82K0I4-0q_wcQLR882bfyhaUGd78KW6s                    | Electrician| Year 1| Module 8      | 2 Energy meter board                                      | Learn the wiring connections, mounting layouts, and safety connections for domestic energy meter boards, tailored for 1st-year students in the Electrician Trade.                                                               | AcZejWfHwc4?si=A0sfRPgGKqLaf2oo| 
playlist?list=PL82K0I4-0q_wcQLR882bfyhaUGd78KW6s                    | Electrician| Year 1| Module 8      | 3.1 Estimation of load                                    | Learn how to calculate and estimate total connected electrical loads for domestic installations, tailored for 1st-year students in the Electrician Trade.                                                                       | wrA9PO-uoVY?si=dROrvxohBUAvw8tq| 
playlist?list=PL82K0I4-0q_wcQLR882bfyhaUGd78KW6s                    | Electrician| Year 1| Module 8      | 3.2 Estimation for 3 phase domestic                       | Learn how to calculate load requirements and plan materials for a 3-phase domestic electrical installation, tailored for 1st-year students in the Electrician Trade.                                                            | dTIee99QnJU?si=Z-NBXMQQYB-XnWtv| 
playlist?list=PL82K0I4-0q_wcQLR882bfyhaUGd78KW6s                    | Electrician| Year 1| Module 8      | 3.3 Workshop wiring                                       | Learn how to calculate load requirements, plan layout designs, and select materials for industrial workshop wiring, tailored for 1st-year students in the Electrician Trade.                                                    | MKggHaAzJ48?si=8Tqjl7HIAXWhF-th| 
playlist?list=PL82K0I4-0q_wcQLR882bfyhaUGd78KW6s                    | Electrician| Year 1| Module 8      | 4 Testing a domestic wiring installation                  | Learn how to perform essential insulation resistance, continuity, and polarity tests on a domestic wiring installation, tailored for 1st-year students in the Electrician Trade.                                                | Ei7NcNjkLTg?si=0Cqo-n4mX1nESzkc| 
playlist?list=PL82K0I4-0q_wcQLR882bfyhaUGd78KW6s                    | Electrician| Year 1| Module 8      | 5.1 Insulation Resistance tester                          | Learn how to operate, connect, and measure insulation resistance using a megger tester, tailored for 1st-year students in the Electrician Trade.                                                                                | vZeTUtqz0Ns?si=AHX3dGzHZ1ergJhc| 
playlist?list=PL82K0I4-0q_wcQLR882bfyhaUGd78KW6s                    | Electrician| Year 1| Module 8      | 5.2 Megger and Earth resistance Tester                    | Learn how to measure insulation and ground resistance using a megger and earth tester, tailored for 1st-year students in the Electrician Trade.                                                                                 | asZ39Q-D7BM?si=fP4UDLUl8H2cXug-| 
playlist?list=PL82K0I4-0q_wzp_IoTZLur98WwOSADWuJ&si=igoHr988uCI9bziD| Electrician| Year 1| Module 9      | 1 Illumination terms-Laws                                 | Master the essential definitions and laws of illumination, including the Inverse Square Law and Lambert's Cosine Law, tailored for 1st-year students in the Electrician Trade.                                                  | jRqEYyA9NA4?si=6eqs_TImj6Z1c1YA| 
playlist?list=PL82K0I4-0q_wzp_IoTZLur98WwOSADWuJ&si=igoHr988uCI9bziD| Electrician| Year 1| Module 9      | 2 Low voltage Lamp                                        | Explore the construction, working principles, and practical applications of low-voltage lamps, tailored for 1st-year students in the Electrician Trade.                                                                         | xmzfxFX6S-4?si=DKTsci9ZSEy3SzW8| 
playlist?list=PL82K0I4-0q_wzp_IoTZLur98WwOSADWuJ&si=igoHr988uCI9bziD| Electrician| Year 1| Module 9      | 3.1 Construction of lamp                                  | Explore the internal components, materials, and construction techniques of various light lamps, tailored for 1st-year students in the Electrician Trade.                                                                        | NycyjK-mvrQ?si=rs4r0SjDwwk_R3qG| 
playlist?list=PL82K0I4-0q_wzp_IoTZLur98WwOSADWuJ&si=igoHr988uCI9bziD| Electrician| Year 1| Module 9      | 3.2 H.P.M.V                                               |                                                                                                                                                                                                                                 | gYqi2j5G04Q?si=fgR0a_Ye9FVKBjYG| 
playlist?list=PL82K0I4-0q_wzp_IoTZLur98WwOSADWuJ&si=igoHr988uCI9bziD| Electrician| Year 1| Module 9      | 3.3 CFL                                                   | Learn the working principles, internal circuitry, and energy-saving benefits of Compact Fluorescent Lamps (CFL), tailored for 1st-year students in the Electrician Trade.                                                       | YcfHOg4VK3U?si=T2ihnCvzqzwmhShD| 
playlist?list=PL82K0I4-0q_wzp_IoTZLur98WwOSADWuJ&si=igoHr988uCI9bziD| Electrician| Year 1| Module 9      | 4 Flasher                                                 | Explore the working principles, circuit connections, and practical applications of automatic light flashers, tailored for 1st-year students in the Electrician Trade.                                                           | opuPrLf2Nzc?si=SGrFNoor2xLLM1vF| 
playlist?list=PL82K0I4-0q_wzp_IoTZLur98WwOSADWuJ&si=igoHr988uCI9bziD| Electrician| Year 1| Module 9      | 5 Show case lights and fittings                           | Learn the design layout, wiring connections, and fixture selection for commercial showcase lighting and fittings, tailored for 1st-year students in the Electrician Trade.                                                      | wxPBoEBIDeY?si=WnAC-g6OJKKcELiW| 
playlist?list=PL82K0I4-0q_xPGAoRUbqSmZDXtTb67H-3&si=OoBkX9MMEjN8DRUq| Electrician| Year 1| Module 10     | 1.1 MC and MI                                             | Master the working principles, construction, and key differences between Moving Coil (MC) and Moving Iron (MI) instruments, tailored for 1st-year students in the Electrician Trade.                                            | 2GOCflMTQ0E?si=v3LFlgTDc2HeWgGE| 
playlist?list=PL82K0I4-0q_xPGAoRUbqSmZDXtTb67H-3&si=OoBkX9MMEjN8DRUq| Electrician| Year 1| Module 10     | 1.2 PMMC                                                  | Learn the construction, torque equations, and working principles of Permanent Magnet Moving Coil (PMMC) instruments, tailored for 1st-year students in the Electrician Trade.                                                   | kVcr52DOLs4?si=84eibWTXe0aIoVwb| 
playlist?list=PL82K0I4-0q_xPGAoRUbqSmZDXtTb67H-3&si=OoBkX9MMEjN8DRUq| Electrician| Year 1| Module 10     | 1.3 Dynamometer                                           | Learn the working principles, construction, and applications of electrodynamometer-type instruments used to measure AC and DC power, tailored for 1st-year students in the Electrician Trade.                                   | 7qiBQVIT3Dg?si=-fnFAH7DCzkZ08iv| 
playlist?list=PL82K0I4-0q_xPGAoRUbqSmZDXtTb67H-3&si=OoBkX9MMEjN8DRUq| Electrician| Year 1| Module 10     | 2 Wattmeters                                              | Learn the construction, circuit connections, and working principles of various wattmeters used for power measurement, tailored for 1st-year students in the Electrician Trade.                                                  | f71JGA_1UvA?si=cojnrfY0aH2pFY4o| 
playlist?list=PL82K0I4-0q_xPGAoRUbqSmZDXtTb67H-3&si=OoBkX9MMEjN8DRUq| Electrician| Year 1| Module 10     | 3.1 phase wattmeter                                       | Learn the construction, wiring connections, and working principles of 3-phase wattmeters for power measurement, tailored for 1st-year students in the Electrician Trade.                                                        | btxLxJY0cmY?si=e1iNZ1OaKIFdBYqY| 
playlist?list=PL82K0I4-0q_xPGAoRUbqSmZDXtTb67H-3&si=OoBkX9MMEjN8DRUq| Electrician| Year 1| Module 10     | 3.2 Digital Energy meters                                 | Learn the working principles, wiring connections, and digital display parameters of electronic energy meters, tailored for 1st-year students in the Electrician Trade.                                                          | 4EbzPJuQf1U?si=jN5lNzqOdO3r9Jgl| 
playlist?list=PL82K0I4-0q_xPGAoRUbqSmZDXtTb67H-3&si=OoBkX9MMEjN8DRUq| Electrician| Year 1| Module 10     | 3.3 Multimeter                                            | Learn how to measure voltage, current, and resistance using a digital and analog multimeter, tailored for 1st-year students in the Electrician Trade.                                                                           | qHSJcEXbWU4?si=UFbHyQyFVefAmS_K| 
playlist?list=PL82K0I4-0q_xPGAoRUbqSmZDXtTb67H-3&si=OoBkX9MMEjN8DRUq| Electrician| Year 1| Module 10     | 3.4 Digital Frequency Meter                               | Learn the working principles, circuit connections, and reading methods of digital frequency meters, tailored for 1st-year students in the Electrician Trade.                                                                    | Vd3TSt3UkjE?si=zVnIRQROT-llZpE8| 
playlist?list=PL82K0I4-0q_xPGAoRUbqSmZDXtTb67H-3&si=OoBkX9MMEjN8DRUq| Electrician| Year 1| Module 10     | 4 Tong-tester                                             | Learn how to measure alternating current safely without breaking the circuit using a digital clip-on tong-tester, tailored for 1st-year students in the Electrician Trade.                                                      | qNmS5eVJbBk?si=ZYHX84BH1PN2wwH8| 
playlist?list=PL82K0I4-0q_xPGAoRUbqSmZDXtTb67H-3&si=OoBkX9MMEjN8DRUq| Electrician| Year 1| Module 10     | 5 smartmeter                                              | Learn the working principles, advanced data communication features, and modern connection layouts of electronic smart meters, tailored for 1st-year students in the Electrician Trade.                                          | fi70V_eugtQ?si=DnKh7hSgelPMQoTd| 
playlist?list=PL82K0I4-0q_xPGAoRUbqSmZDXtTb67H-3&si=OoBkX9MMEjN8DRUq| Electrician| Year 1| Module 10     | 6.1 Extension of range MC voltmeter                       | Learn how to extend the measuring range of a Moving Coil voltmeter using a series multiplier resistor, tailored for 1st-year students in the Electrician Trade.                                                                 | NJvsqCJyvDs?si=XUH54PYEOVWEzmoc| 
playlist?list=PL82K0I4-0q_xPGAoRUbqSmZDXtTb67H-3&si=OoBkX9MMEjN8DRUq| Electrician| Year 1| Module 10     | 6.2 Calibration of MI Ammeter                             | Learn how to test, calibrate, and correct errors in a Moving Iron (MI) ammeter against a standard instrument, tailored for 1st-year students in the Electrician Trade.                                                          | gR26NxhomA8?si=Tlp8XNAhmIhJT8mz| 
playlist?list=PL82K0I4-0q_zCGbsiaf3uXxckOzOroEqY&si=n7g7fzjp9cMtLX2Q| Electrician| Year 1| Module 11     | 1.1 Cooking range (1)                                     | Learn the working principles, internal heating element connections, and safety controls of modern domestic cooking ranges, tailored for 1st-year students in the Electrician Trade.                                             | v1GkkM9OEXU?si=Q9xTRNiMhCChUg5g| 
playlist?list=PL82K0I4-0q_zCGbsiaf3uXxckOzOroEqY&si=n7g7fzjp9cMtLX2Q| Electrician| Year 1| Module 11     | 1.2 Pump Set (2)                                          | Learn the installation, wiring connections, and operational principles of single-phase and three-phase water pump sets, tailored for 1st-year students in the Electrician Trade.                                                | ax2T7DlrJTM?si=AAObYFHXTQ_sqOCz| 
playlist?list=PL82K0I4-0q_zCGbsiaf3uXxckOzOroEqY&si=n7g7fzjp9cMtLX2Q| Electrician| Year 1| Module 11     | 1.3 Electrical Cattle (3)                                 | Learn the heating element construction, automatic cutoff mechanism, and fundamental repair steps for an electric kettle, tailored for 1st-year students in the Electrician Trade.                                               | F22WjX9Jp_Q?si=NqcA3AtZ6XE3OjVf| 
playlist?list=PL82K0I4-0q_zCGbsiaf3uXxckOzOroEqY&si=n7g7fzjp9cMtLX2Q| Electrician| Year 1| Module 11     | 2 Induction heater                                        | Learn the electromagnetic induction principles, internal circuit layouts, and fault troubleshooting steps for domestic induction heaters, tailored for 1st-year students in the Electrician Trade.                              | OKQZzeLGtoI?si=d8DiUsqlpZcX80le| 
playlist?list=PL82K0I4-0q_zCGbsiaf3uXxckOzOroEqY&si=n7g7fzjp9cMtLX2Q| Electrician| Year 1| Module 11     | 3 Food Mixer                                              | Learn the internal wiring, universal motor operation, and speed control mechanisms of a domestic food mixer, tailored for 1st-year students in the Electrician Trade.                                                           | 3d5wfdXd9gk?si=BmSDBhZZFQATh_4W| 
playlist?list=PL82K0I4-0q_zCGbsiaf3uXxckOzOroEqY&si=n7g7fzjp9cMtLX2Q| Electrician| Year 1| Module 11     | 4.1 Classification of Transformer (1)                     | Understand the core classifications of transformers based on core construction, voltage ratios, and applications, tailored for 1st-year students in the Electrician Trade.                                                      | f2kzKtLgM3U?si=-WIs6ZsZTotRYIIS| 
playlist?list=PL82K0I4-0q_zCGbsiaf3uXxckOzOroEqY&si=n7g7fzjp9cMtLX2Q| Electrician| Year 1| Module 11     | 4.2 Autotransformer (2)                                   | Learn the working principles, single-winding construction, and voltage-regulation applications of an autotransformer, tailored for 1st-year students in the Electrician Trade.                                                  | gpM8IBtxrSM?si=lVSCPFquzqytWfAN| 
playlist?list=PL82K0I4-0q_xjji3dovykix6YNqeekOWc&si=GYF8EKp9oAjUlcqN| Electrician| Year 1| Module 12     | 1 3Transformer-connections                                | Learn the core connection configurations, including Star and Delta, for three-phase transformers, tailored for 1st-year students in the Electrician Trade.                                                                      | aItiRTfxhl4?si=yllCdwuEsuaF7YFp| 
playlist?list=PL82K0I4-0q_xjji3dovykix6YNqeekOWc&si=GYF8EKp9oAjUlcqN| Electrician| Year 1| Module 12     | 2 Parallel operation of two single phase transformers     | Learn the essential conditions, connection diagrams, and load-sharing principles for the parallel operation of two single-phase transformers, tailored for 1st-year students in the Electrician Trade.                          | rOKIllKSlT8?si=j8V99UqwUCIkfHyX| 
playlist?list=PL82K0I4-0q_xjji3dovykix6YNqeekOWc&si=GYF8EKp9oAjUlcqN| Electrician| Year 1| Module 12     | 3 Transformer losses-OC                                   | Learn how to conduct an Open Circuit (OC) test to determine core losses and magnetizing current in a transformer, tailored for 1st-year students in the Electrician Trade.                                                      | rJ-IOYhviL8?si=UA2o_GMNXV4KTs8x| 
playlist?list=PL82K0I4-0q_xjji3dovykix6YNqeekOWc&si=GYF8EKp9oAjUlcqN| Electrician| Year 1| Module 12     | 4 Cooling of tranformer                                   | Learn the different methods of transformer cooling, including natural air, oil immersion, and forced circulation, tailored for 1st-year students in the Electrician Trade.                                                      | zd8xQZkHH44?si=c3tMrN1oEM-BMQWm| 
playlist?list=PL82K0I4-0q_xjji3dovykix6YNqeekOWc&si=GYF8EKp9oAjUlcqN| Electrician| Year 1| Module 12     | 5 Winding a small transformer                             | Learn the step-by-step process of calculated wire winding, insulation layering, and core assembly for a small transformer, tailored for 1st-year students in the Electrician Trade.                                             | Dbq9SLCpcj4?si=qO6qrs-FDaiwSqkY| 
playlist?list=PL82K0I4-0q_zRmlXBWjtwb2b6eQut7oBG&si=l1jnubB_4cV7mvUK| FITTER     | Year 2| Module 1      | 1 Fasteners                                               | A comprehensive guide to understanding different types of mechanical fasteners used in engineering and workshop practice.                                                                                                       | xTZel5XTsdo?si=smSdnBRgfP5Q8TxO| 
playlist?list=PL82K0I4-0q_zRmlXBWjtwb2b6eQut7oBG&si=l1jnubB_4cV7mvUK| FITTER     | Year 2| Module 1      | 2 Screwdriver Types                                       | A professional guide to understanding the various types, sizes, and correct applications of screwdrivers used in engineering workshops.                                                                                         | tIjk2VCULww?si=Jp5UdCjNUjWEF4I-| 
playlist?list=PL82K0I4-0q_zRmlXBWjtwb2b6eQut7oBG&si=l1jnubB_4cV7mvUK| FITTER     | Year 2| Module 1      | 3 Spanner Selection                                       | A professional guide to understanding the types, sizes, and correct selection of spanners for various engineering and workshop applications.                                                                                    | UGesbLebrNQ?si=aEQds7Es0gEHTrNh| 
playlist?list=PL82K0I4-0q_zRmlXBWjtwb2b6eQut7oBG&si=l1jnubB_4cV7mvUK| FITTER     | Year 2| Module 1      | 4 Torque Maintenance Principles                           | A comprehensive look at torque principles, their importance in maintaining tightness and safety, and best practices for torque wrench usage and calibration in industrial settings.                                             | 7yUpiaRMoOQ?si=36V4DhV5bEbreWie| 
playlist?list=PL82K0I4-0q_zRmlXBWjtwb2b6eQut7oBG&si=l1jnubB_4cV7mvUK| FITTER     | Year 2| Module 1      | 5 Manual for Industrial Key                               | A professional operational manual explaining the types, engineering specifications, and correct installation methods of industrial keys in mechanical assemblies.                                                               | s18wskl8yB8?si=KqSVLQC3ixd5glbj| 
playlist?list=PL82K0I4-0q_zRmlXBWjtwb2b6eQut7oBG&si=l1jnubB_4cV7mvUK| FITTER     | Year 2| Module 1      | 6 Nut Locking Devices                                     | A professional engineering guide to the various types, mechanisms, and workshop applications of positive and frictional nut locking devices.                                                                                    | sZR48VNTThw?si=5tXJOZSpnObLlyCY| 
playlist?list=PL82K0I4-0q_zRmlXBWjtwb2b6eQut7oBG&si=l1jnubB_4cV7mvUK| FITTER     | Year 2| Module 1      | 7 Special Files Precision Fitting                         | A professional guide to the characteristics, selection, and precise application of special files used in high-tolerance precision fitting operations.                                                                           | oflf6dIJYpM?si=uHM1O-H6LH6p0dbA| 
playlist?list=PL82K0I4-0q_zRmlXBWjtwb2b6eQut7oBG&si=l1jnubB_4cV7mvUK| FITTER     | Year 2| Module 1      | 8 Applications of Slip Gauges                             | A comprehensive guide to the types, engineering specifications, and precise application of feeler gauges used for measuring and ensuring correct clearances in mechanical assemblies.                                           | gUwyPhTxunk?si=nE_dWbEguRu71X9f| 
playlist?list=PL82K0I4-0q_zRmlXBWjtwb2b6eQut7oBG&si=l1jnubB_4cV7mvUK| FITTER     | Year 2| Module 1      | 9 Templates and Precision Gauging Techniques              | A professional overview of template design, layout inspection, and advanced precision gauging techniques used to maintain high accuracy in workshop manufacturing.                                                              | tWH7-tcwO18?si=Rt693jdv_mycMrzn| 
playlist?list=PL82K0I4-0q_zRmlXBWjtwb2b6eQut7oBG&si=l1jnubB_4cV7mvUK| FITTER     | Year 2| Module 1      | 10 Accessories of Slip Gauges                             | A professional guide to the essential accessories, holders, and attachments used to extend the measurement capabilities of slip gauges in precision engineering.                                                                | VvPPJiKALyA?si=9hk8Pf2ExoY89t_S| 
playlist?list=PL82K0I4-0q_zRmlXBWjtwb2b6eQut7oBG&si=l1jnubB_4cV7mvUK| FITTER     | Year 2| Module 1      | 11 Sine Bar                                               | A professional engineering guide to the principles, setup, and precise angular measurement applications of a sine bar in workshop inspection.                                                                                   | u-SDCfPTeog?si=gb7t3yVphKLhadpJ| 
playlist?list=PL82K0I4-0q_zRmlXBWjtwb2b6eQut7oBG&si=l1jnubB_4cV7mvUK| FITTER     | Year 2| Module 1      | 12 Industrial Quality Standards                           | A professional overview of global quality management systems, inspection standards, and quality control protocols essential for industrial manufacturing and engineering.                                                       | SPZVTt7FEtc?si=VKHMeNEYg-mDqM0S| 
playlist?list=PL82K0I4-0q_zRmlXBWjtwb2b6eQut7oBG&si=l1jnubB_4cV7mvUK| FITTER     | Year 2| Module 1      | 13 Precision Flat Lapping                                 | A professional technical guide to the principles, abrasive compounds, and surface finishing techniques used in precision flat lapping operations.                                                                               | HpS8c-OsKJo?si=qMnJNf0L7o1-Klgt| 
playlist?list=PL82K0I4-0q_zRmlXBWjtwb2b6eQut7oBG&si=l1jnubB_4cV7mvUK| FITTER     | Year 2| Module 1      | 14 Precision Lapping of External                          | A professional technical guide to the methods, tools, and abrasive techniques required for high-accuracy precision lapping on external cylindrical and flat surfaces.                                                           | Yms12cxm13I?si=1YjAIHk51jwX6k7k| 
playlist?list=PL82K0I4-0q_zRmlXBWjtwb2b6eQut7oBG&si=l1jnubB_4cV7mvUK| FITTER     | Year 2| Module 1      | 15 Surface Texture and Measurement                        | A professional engineering guide to understanding surface roughness parameters, texture characteristics, and precision measurement instruments used in quality control.                                                         | S5x8rjdXGvg?si=B_NUFzi0ZHo7zpUI| 
playlist?list=PL82K0I4-0q_zRmlXBWjtwb2b6eQut7oBG&si=l1jnubB_4cV7mvUK| FITTER     | Year 2| Module 1      | 16 Practice of Precision Honing                           | A professional technical guide to the operational methods, abrasive stones, and surface finishing techniques used in precision honing practices for high-accuracy bores.                                                        | ndrPOaFDn70?si=C6voJAFCHe9t4dSU| 
playlist?list=PL82K0I4-0q_zRmlXBWjtwb2b6eQut7oBG&si=l1jnubB_4cV7mvUK| FITTER     | Year 2| Module 1      | 17 Frosting and Flaking Techniques                        | A professional technical guide to the manual scraping, frosting, and flaking techniques used to create oil-retaining textures on precision machine way surfaces.                                                                | s-jeXPROJSk?si=pwi8kzq9PeXuNi2J| 
playlist?list=PL82K0I4-0q_zRmlXBWjtwb2b6eQut7oBG&si=l1jnubB_4cV7mvUK| FITTER     | Year 2| Module 1      | 18 Heat Treatment                                         | A professional engineering guide to the metallurgic principles, heating cycles, and cooling processes used in industrial heat treatment of steels.                                                                              | E_Z1bq1hI2w?si=UZO_kgAKRnJX_ajM| 
playlist?list=PL82K0I4-0q_zRmlXBWjtwb2b6eQut7oBG&si=l1jnubB_4cV7mvUK| FITTER     | Year 2| Module 1      | 19 Surface Hardening Steel                                | A professional engineering guide to the chemical and thermal surface hardening methods used to increase the wear resistance of steel components.                                                                                | U0h9546z3yc?si=T7GcaDql17ejKi1e| 
playlist?list=PL82K0I4-0q_zRmlXBWjtwb2b6eQut7oBG&si=l1jnubB_4cV7mvUK| FITTER     | Year 2| Module 1      | 20 Tapers, Keys, and Cotters                              | A professional engineering guide to the design standards, structural functions, and practical applications of tapers, keys, and cotter joints in mechanical assemblies.                                                         | LCy4lFesw4w?si=cF6-LOXhk9Lb4fcp| 
playlist?list=PL82K0I4-0q_zRmlXBWjtwb2b6eQut7oBG&si=l1jnubB_4cV7mvUK| FITTER     | Year 2| Module 1      | 21 Metal Surface Protection and Corrosion                 | A professional engineering guide to understanding the causes of metal corrosion and the commercial coating methods used for effective surface protection.                                                                       | d4AaZ_IME9M?si=S8HyCpePwu7ZDlYm| 
playlist?list=PL82K0I4-0q_xaUEXUtPPq-XwTZv9TP2lz&si=uXxercncaA6x8H_O| FITTER     | Year 2| Module 2      | 1 Gauging and Assembly Systems                            | A professional engineering guide to the precision gauging instruments, tolerance limits, and standardized inspection systems used in mechanical assembly.                                                                       | D-Ab8WuOrww?si=Z0IXzgIWov7k8qha| 
playlist?list=PL82K0I4-0q_xaUEXUtPPq-XwTZv9TP2lz&si=uXxercncaA6x8H_O| FITTER     | Year 2| Module 2      | 2 Bearings                                                | A professional engineering guide to the classification, structural design, and industrial applications of friction and anti-friction bearings.                                                                                  | mhavXanKS9Q?si=gTr1ak_5MHXTk9pB| 
playlist?list=PL82K0I4-0q_xaUEXUtPPq-XwTZv9TP2lz&si=uXxercncaA6x8H_O| FITTER     | Year 2| Module 2      | 3 Roller and needle bearing                               | A professional engineering guide to the design principles, load-carrying capacities, and industrial applications of cylindrical roller and high-density needle bearings.                                                        | OiQUI4uPZNM?si=kQvK1wedYFsm-4Cr| 
playlist?list=PL82K0I4-0q_xaUEXUtPPq-XwTZv9TP2lz&si=uXxercncaA6x8H_O| FITTER     | Year 2| Module 2      | 4 Bearing Materials                                       | A professional material science guide to the properties, composition, and selection criteria of metallic and non-metallic bearing alloys used in mechanical engineering.                                                        | gOzxiOlYTo4?si=KP6WgSe1e_5OfP4g| 
playlist?list=PL82K0I4-0q_xaUEXUtPPq-XwTZv9TP2lz&si=uXxercncaA6x8H_O| FITTER     | Year 2| Module 2      | 5 Metallic Coating and Corrosion Prevention               | A professional engineering guide to the industrial metallic coating processes and electroplating techniques used for advanced corrosion prevention in mechanical components.                                                    | LND9ZP23Ges?si=Zoq5HR2szild3u83| 
playlist?list=PL82K0I4-0q_wKNkb0ewTRHMCG0d4VgdHQ&si=Ub4hgSrTmPUP7SsK| FITTER     | Year 2| Module 3      | 1 Pipes and Pipe Fittings                                 | A professional engineering guide to the classification, material selection, and structural applications of industrial pipes and standard fittings.                                                                              | Ad6rff1Z8_Y?si=-9TrK0bQNHnZIaux| 
playlist?list=PL82K0I4-0q_wKNkb0ewTRHMCG0d4VgdHQ&si=Ub4hgSrTmPUP7SsK| FITTER     | Year 2| Module 3      | 2 Pipe Vices and Cutting Tools                            | A professional technical guide to the correct selection, setup, and safe operation of pipe vices and heavy-duty cutting tools in industrial piping work.                                                                        | vneBvhWvFwA?si=EyM0fi7GwW40XWS3| 
playlist?list=PL82K0I4-0q_wKNkb0ewTRHMCG0d4VgdHQ&si=Ub4hgSrTmPUP7SsK| FITTER     | Year 2| Module 3      | 3 Plumbing Essentials                                     | A professional technical guide to the essential tools, layout planning, and jointing techniques required for standard plumbing installations in the Fitter trade.                                                               | FQv2XFQs32w?si=glckxXZ52muo0FLa| 
playlist?list=PL82K0I4-0q_wKNkb0ewTRHMCG0d4VgdHQ&si=Ub4hgSrTmPUP7SsK| FITTER     | Year 2| Module 3      | 4 Standard Pipe Fitting                                   | A professional technical guide to the standardized types, dimensions, and assembly methods of pipe fittings used in industrial piping and fluid systems.                                                                        | CGC-lOgYeHs?si=5Oy63-_CtRBkjfra| 
playlist?list=PL82K0I4-0q_wKNkb0ewTRHMCG0d4VgdHQ&si=Ub4hgSrTmPUP7SsK| FITTER     | Year 2| Module 3      | 5 Tap Maintenance                                         | A professional technical guide to the correct maintenance, sharpening protocols, and safe operation of hand and machine taps in workshop threads.                                                                               | 1w7YBQycqQY?si=BNMkJFzfJ4oKzyt2| 
playlist?list=PL82K0I4-0q_xODiTfW9zp37iqWbuxumCR&si=lPWIDwVpJaUmBB2Y| FITTER     | Year 2| Module 4      | 1 Guide to Drill Jigs                                     | A professional engineering guide to the design principles, clamping mechanisms, and production applications of drill jigs in precision manufacturing.                                                                           | JE7hCBMGFKc?si=-bZeUVBffvsbvnRA| 
playlist?list=PL82K0I4-0q_xODiTfW9zp37iqWbuxumCR&si=lPWIDwVpJaUmBB2Y| FITTER     | Year 2| Module 4      | 2 Fundamentals of Fixtures and Jigs                       | A professional engineering guide to the foundational principles of workpiece location, clamping design, and structural differences between jigs and fixtures in production manufacturing.                                       | Es9JCNhpaXQ?si=k0MFVdw0WggBjsql| 
playlist?list=PL82K0I4-0q_xUvIDO8tAxpsXFP34S1QFY&si=tgm48EwD6Ad52hSq| FITTER     | Year 2| Module 5      | 1 Non Ferrous Metal                                       | A professional metallurgy guide to the properties, industrial grade classifications, and mechanical engineering applications of common non-ferrous metals and alloys.                                                           | fuMhvn8ZeEM?si=NQzpR93jRXIrzBj_| 
playlist?list=PL82K0I4-0q_xUvIDO8tAxpsXFP34S1QFY&si=tgm48EwD6Ad52hSq| FITTER     | Year 2| Module 5      | 2 Power Transmission Belts                                | A professional engineering guide to the material specifications, tracking adjustments, and application criteria of flat and synchronous belts in industrial power transmission.                                                 | Vyb5Mgpifkc?si=a_HyNpc4RBh0hia7| 
playlist?list=PL82K0I4-0q_xUvIDO8tAxpsXFP34S1QFY&si=tgm48EwD6Ad52hSq| FITTER     | Year 2| Module 5      | 3 V Belt Mechanics                                        | A professional engineering guide to the tension calculations, wedge action mechanics, and maintenance protocols of industrial V-belt drives.                                                                                    | _ibmBULf4rk?si=npV80ibNcI7-28ZV| 
playlist?list=PL82K0I4-0q_xUvIDO8tAxpsXFP34S1QFY&si=tgm48EwD6Ad52hSq| FITTER     | Year 2| Module 5      | 4 Mechanical Shaft Coupling                               | A professional engineering guide to the functional types, alignment protocols, and torque-transmission applications of rigid and flexible mechanical shaft couplings.                                                           | dFkoWPkdnw0?si=iySdBcT8exPFG0Qy| 
playlist?list=PL82K0I4-0q_xUvIDO8tAxpsXFP34S1QFY&si=tgm48EwD6Ad52hSq| FITTER     | Year 2| Module 5      | 5 Pulley and Clutches                                     | A professional engineering guide to the operational mechanics, structural types, and industrial applications of pulleys and clutches in power transmission systems.                                                             | mwgwCWao21I?si=v1vsbeECH_tLAJhD| 
playlist?list=PL82K0I4-0q_xUvIDO8tAxpsXFP34S1QFY&si=tgm48EwD6Ad52hSq| FITTER     | Year 2| Module 5      | 6 Power Transmission                                      | A professional engineering guide to the mechanisms, mechanical efficiency, and industrial applications of belts, chains, shafts, and gear drives in power transmission.                                                         | NJPheLoEWLA?si=naTB_umP82Dzj_xE| 
playlist?list=PL82K0I4-0q_xUvIDO8tAxpsXFP34S1QFY&si=tgm48EwD6Ad52hSq| FITTER     | Year 2| Module 5      | 7 Proportions of Spur Gear                                | A professional engineering guide to the geometric formulas, module calculations, and tooth proportions required for precise spur gear design and manufacturing.                                                                 | 2LU0GtqwaWY?si=YBa0UHNUXa4mk4cC| 
playlist?list=PL82K0I4-0q_xUvIDO8tAxpsXFP34S1QFY&si=tgm48EwD6Ad52hSq| FITTER     | Year 2| Module 5      | 8 Gear Classification and Repair Techniques               | A professional engineering guide to the functional classification of industrial gears and the technical methods used for tooth profile repair and maintenance.                                                                  | 51aweKPKmeA?si=CECxlZbXK-35jkea| 
playlist?list=PL82K0I4-0q_xUvIDO8tAxpsXFP34S1QFY&si=tgm48EwD6Ad52hSq| FITTER     | Year 2| Module 5      | 9 Gear Assembly                                           | A professional engineering guide to the alignment protocols, backlash verification, and mounting methods used in industrial gear assembly systems.                                                                              | HF3hjM3GXIc?si=La96MP3AA3cCUwhS| 
playlist?list=PL82K0I4-0q_xUvIDO8tAxpsXFP34S1QFY&si=tgm48EwD6Ad52hSq| FITTER     | Year 2| Module 5      | 10 Pneumatics and Hydraulics                              | A professional engineering guide to the working principles, component functions, and fluid power system controls used in industrial pneumatics and hydraulics.                                                                  | NKsCMzvCRtc?si=kILkBNxLr2UYJPjm| 
playlist?list=PL82K0I4-0q_y97i6UKhrWOiaW8y0HdMlL&si=lOWZhGlj2IOlnJV6| FITTER     | Year 2| Module 6      | 1 Air Compressor                                          | A professional engineering guide to the working principles, structural configurations, and operational maintenance of industrial air compressors.                                                                               | dFJ2tNARbzo?si=Wget3Ukg8ZikBEMR| 
playlist?list=PL82K0I4-0q_y97i6UKhrWOiaW8y0HdMlL&si=lOWZhGlj2IOlnJV6| FITTER     | Year 2| Module 6      | 2 Pneumatic System                                        | A professional engineering guide to the layout design, compressed air generation, and operational control elements of industrial pneumatic systems.                                                                             | VZsj7Y_WBFY?si=5SgyJtfuf86kDxdN| 
playlist?list=PL82K0I4-0q_y97i6UKhrWOiaW8y0HdMlL&si=lOWZhGlj2IOlnJV6| FITTER     | Year 2| Module 6      | 3 Pneumatic Actuators                                     | A professional engineering guide to the functional mechanisms, selection criteria, and linear or rotary force conversion applications of industrial pneumatic actuators.                                                        | T2-XOlOXR4Y?si=Qm8-3kMSFtSD4miJ| 
playlist?list=PL82K0I4-0q_y97i6UKhrWOiaW8y0HdMlL&si=lOWZhGlj2IOlnJV6| FITTER     | Year 2| Module 6      | 4 Single Acting Cylinder                                  | A professional engineering guide to the structural design, spring-return mechanisms, and single-port fluid dynamics of pneumatic and hydraulic single-acting cylinders.                                                         | MnFId17B0ic?si=kmps_wZQRAHD0mP7| 
playlist?list=PL82K0I4-0q_y97i6UKhrWOiaW8y0HdMlL&si=lOWZhGlj2IOlnJV6| FITTER     | Year 2| Module 6      | 5 Double Acting Cylinder                                  | A professional engineering guide to the structural design, port configurations, and dual-stroke fluid dynamics of pneumatic and hydraulic double-acting cylinders.                                                              | sWicB_t7RXc?si=WjrFa6bNuHA7tF7q| 
playlist?list=PL82K0I4-0q_y97i6UKhrWOiaW8y0HdMlL&si=lOWZhGlj2IOlnJV6| FITTER     | Year 2| Module 6      | 6 Pneumatic Directional Control Valves                    | A professional engineering guide to the spool design, port configurations, and actuation methods of directional control valves in pneumatic automation circuits.                                                                | Xw294K59sik?si=vcIkWA-tU9GWbcsC| 
playlist?list=PL82K0I4-0q_y97i6UKhrWOiaW8y0HdMlL&si=lOWZhGlj2IOlnJV6| FITTER     | Year 2| Module 6      | 7 ISO 1219 Pneumatic Symbols                              | A professional engineering guide to interpreting and drafting standard fluid power circuit schematics using ISO 1219 pneumatic symbolic notation.                                                                               | k8cii9qMhrA?si=Tiu0EypRYtS0umxG| 
playlist?list=PL82K0I4-0q_y97i6UKhrWOiaW8y0HdMlL&si=lOWZhGlj2IOlnJV6| FITTER     | Year 2| Module 6      | 8 Non Return Valves                                       | A professional engineering guide to the operational mechanisms, pressure thresholds, and installation protocols of non-return and check valves in industrial fluid systems.                                                     | 7uw69-v9gKM?si=tB8-xfN_M6B66deZ| 
playlist?list=PL82K0I4-0q_y97i6UKhrWOiaW8y0HdMlL&si=lOWZhGlj2IOlnJV6| FITTER     | Year 2| Module 6      | 9 Hydraulic Flow Control Valves                           | A professional engineering guide to the design, needle and pressure-compensated mechanisms, and precise velocity-regulation applications of hydraulic flow control valves.                                                      | Mt0H9jdnnRY?si=2-liLuG7-f0ivuvb| 
playlist?list=PL82K0I4-0q_y97i6UKhrWOiaW8y0HdMlL&si=lOWZhGlj2IOlnJV6| FITTER     | Year 2| Module 6      | 10 Pneumatic and Hydraulic Control Valves                 | A professional engineering guide to the operational mechanisms, circuit configurations, and functional selection of pressure, flow, and directional control valves in fluid power systems.                                      | bVvyezxJISA?si=fDGn0Bm-6GVgHXNP| 
playlist?list=PL82K0I4-0q_y97i6UKhrWOiaW8y0HdMlL&si=lOWZhGlj2IOlnJV6| FITTER     | Year 2| Module 6      | 11 Electro Pneumatic Control Systems                      | A professional engineering guide to the integration of electrical control circuits, solenoids, and relays with pneumatic systems for automated industrial sequencing.                                                           | 4SJR5gi0xSo?si=ZLI12uEbaE57PL7g| 
playlist?list=PL82K0I4-0q_y97i6UKhrWOiaW8y0HdMlL&si=lOWZhGlj2IOlnJV6| FITTER     | Year 2| Module 6      | 12 Hydraulic and Pneumatic Systems                        | A professional engineering guide to the layout design, structural components, and distinct operational advantages of hydraulic and pneumatic automation networks.                                                               | yWOzDr-TBDc?si=MhMhxtHSu55VEkVT| 
playlist?list=PL82K0I4-0q_y97i6UKhrWOiaW8y0HdMlL&si=lOWZhGlj2IOlnJV6| FITTER     | Year 2| Module 6      | 13 Hydraulic Filtration Systems and Safety Protocols      | A professional engineering guide to fluid contamination control, filter selection criteria, and mandatory safety protocols for high-pressure hydraulic maintenance.                                                             | tWDxtA2aK0w?si=ykRksmezFzOUbbO2| 
playlist?list=PL82K0I4-0q_y97i6UKhrWOiaW8y0HdMlL&si=lOWZhGlj2IOlnJV6| FITTER     | Year 2| Module 6      | 14 Hydraulic Pumps and Reservoirs                         | A professional engineering guide to the operational mechanisms, performance metrics, and maintenance protocols of hydraulic pumps and fluid conditioning reservoirs.                                                            | mbkD5TqN7Eo?si=RvPlj82Vdxrokc8r| 
playlist?list=PL82K0I4-0q_y97i6UKhrWOiaW8y0HdMlL&si=lOWZhGlj2IOlnJV6| FITTER     | Year 2| Module 6      | 15 Pilot Operated Pressure Relief Valves                  | A professional engineering guide to the structural design, pilot circuit mechanics, and pressure-regulation applications of pilot-operated relief valves in high-flow systems.                                                  | XdB37cdWBM0?si=JFwwroA7SpEkSEC3| 
playlist?list=PL82K0I4-0q_y97i6UKhrWOiaW8y0HdMlL&si=lOWZhGlj2IOlnJV6| FITTER     | Year 2| Module 6      | 16 Hydraulic Fluid Transmission                           | A professional engineering guide to the properties, selection criteria, and contamination control protocols of fluids used for power transmission in hydraulic systems.                                                         | ZWBMP36a2c0?si=Z2K21IZDUUgt1YXz| 
playlist?list=PL82K0I4-0q_y97i6UKhrWOiaW8y0HdMlL&si=lOWZhGlj2IOlnJV6| FITTER     | Year 2| Module 6      | 17 Hydraulic Actuators and Directional Control Valves     | A professional engineering guide to the working mechanisms, circuit configurations, and operational control of hydraulic cylinders, motors, and directional control valves.                                                     | sgjfYXBh2AA?si=r8xPJ7-XkUNj9oIh| 
playlist?list=PL82K0I4-0q_y97i6UKhrWOiaW8y0HdMlL&si=lOWZhGlj2IOlnJV6| FITTER     | Year 2| Module 6      | 18 Hydraulic and Pneumatic Flow Control                   | A professional engineering guide to the operational principles, valve configurations, and circuit regulation techniques used for precise flow control in fluid power systems.                                                   | OT_ZnbLiNK4?si=GGMGQkwX6PVxThFX| 
playlist?list=PL82K0I4-0q_yGsHqraFi31Z2ZHLYLOfeh&si=Oj6DW2UbErcnfjB-| FITTER     | Year 2| Module 7      | 1 Preventive Maintenance                                  | A professional engineering guide to scheduled machine inspections, routine equipment servicing, and systematic failure-prevention protocols for industrial machinery.                                                           | V5giIDsAcI4?si=k6rEyX219E7M3y5r| 
playlist?list=PL82K0I4-0q_yGsHqraFi31Z2ZHLYLOfeh&si=Oj6DW2UbErcnfjB-| FITTER     | Year 2| Module 7      | 2 Industrial Lubrication                                  | A professional engineering guide to fluid and solid lubricant classification, viscosity selection criteria, and standard machinery lubrication schedules.                                                                       | -gunGB8Obxw?si=dbE7GZCr15K_8D2n| 
playlist?list=PL82K0I4-0q_yGsHqraFi31Z2ZHLYLOfeh&si=Oj6DW2UbErcnfjB-| FITTER     | Year 2| Module 7      | 3 Manual for Cutting Fluids                               | A professional engineering guide to the selection criteria, application methods, and cooling properties of cutting fluids in mechanical machining operations.                                                                   | ntCrmpsiLTc?si=c4JuHNQsD6JgStzr| 
playlist?list=PL82K0I4-0q_yGsHqraFi31Z2ZHLYLOfeh&si=Oj6DW2UbErcnfjB-| FITTER     | Year 2| Module 7      | 4 Lubrication and Preventive Maintenance                  | A professional engineering guide to industrial lubricant selection, application techniques, and scheduled preventive maintenance protocols for mechanical systems.                                                              | ndyoK4Hsh7o?si=eppzmR40tXvfTOqg| 
playlist?list=PL82K0I4-0q_yGsHqraFi31Z2ZHLYLOfeh&si=Oj6DW2UbErcnfjB-| FITTER     | Year 2| Module 7      | 5 Metallizing and Powder Coating                          | A professional engineering guide to surface preparation techniques, thermal spray metallizing processes, and electrostatic powder coating applications in industrial corrosion prevention.                                      | 32GynOpaan0?si=ngbiYfg-C_N6s1Cs| 
playlist?list=PL82K0I4-0q_zsNZF8Jun6op8pajeA1N-S&si=dO7ApSmr2ykl0ieh| FITTER     | Year 2| Module 8      | 1 Machine Foundation, Installation                        | Machine Foundation and Installation in Fitter Trade: Accurate setup, alignment, and secure installation of industrial machinery for efficient operation.                                                                        | sZ-q_ATj0hs?si=T0nZ3Yd-qSXfe6Fe| 
playlist?list=PL82K0I4-0q_zsNZF8Jun6op8pajeA1N-S&si=dO7ApSmr2ykl0ieh| FITTER     | Year 2| Module 8      | 2 Rigging, Hoisting                                       | Rigging and Hoisting in Fitter Trade: Safe handling, lifting, and movement of heavy materials using proper tools and techniques.                                                                                                | CT2fyYVWDcw?si=vKCKqVuAFaHL3xyJ| 
playlist?list=PL82K0I4-0q_zsNZF8Jun6op8pajeA1N-S&si=dO7ApSmr2ykl0ieh| FITTER     | Year 2| Module 8      | 3 Fitter Rigging and Slinging Equipment                   | A professional engineering guide to load rating calculations, material selection, and safe inspection protocols for industrial rigging hardware and slinging equipment.                                                         | 4vc9bV6zffc?si=-wAB9HJUdFBnRodW| 
playlist?list=PL82K0I4-0q_zsNZF8Jun6op8pajeA1N-S&si=dO7ApSmr2ykl0ieh| FITTER     | Year 2| Module 8      | 4 Lifters, Stackers, and Cranes                           | A professional engineering guide to the load capacities, safe operational mechanisms, and rigid inspection standards for industrial lifters, material stackers, and heavy-duty cranes.                                          | k7GkC6f-3aA?si=oP2j3czDBE7nOZYh| 
playlist?list=PL82K0I4-0q_y3-Y2QMOKzZkxw7dX1axMP&si=E9NMdmesy6uPhI68| ICTSM      | Year 1| Module 1      | 1 Punctuality and Discipline                              | Master the core principles of Punctuality and Discipline required for success in the 1st year of the Information & Communication Technology System Maintenance (ICTSM) trade.                                                   | nII1kUV_mCc?si=RpY2GI6YWtmWdyu0| 
playlist?list=PL82K0I4-0q_y3-Y2QMOKzZkxw7dX1axMP&si=E9NMdmesy6uPhI68| ICTSM      | Year 1| Module 1      | 2 Artificial Respiration & Electrical Safety              | Learn essential Artificial Respiration techniques and critical Electrical Safety protocols for the 1st year of the Information & Communication Technology System Maintenance (ICTSM) trade.                                     | QV7PNPgMD1I?si=UEDTH3919ZTdcolA| 
playlist?list=PL82K0I4-0q_y3-Y2QMOKzZkxw7dX1axMP&si=E9NMdmesy6uPhI68| ICTSM      | Year 1| Module 1      | 3 Fire Extinguisher                                       | Discover the correct types and usage of Fire Extinguishers to ensure workplace safety in the 1st year of the Information & Communication Technology System Maintenance (ICTSM) trade.                                           | ljlUzHCGJUA?si=qEAgtISU6pDEcqiH| 
playlist?list=PL82K0I4-0q_yuNMwGHH83KTLaF_B9rjnf&si=xPB1t0eGXU3lQRMV| ICTSM      | Year 1| Module 2      | 1 Fuses & switches                                        | Understand the functions, types, and essential roles of Fuses and Switches in circuit protection for the 1st year of the Information & Communication Technology System Maintenance (ICTSM) trade.                               | ulQc02qfrA4?si=nw7pQtps3yj3xPrB| 
playlist?list=PL82K0I4-0q_yuNMwGHH83KTLaF_B9rjnf&si=xPB1t0eGXU3lQRMV| ICTSM      | Year 1| Module 2      | 2 Multimeter                                              | Here is a short, targeted description tailored for the ICTSM (Information & Communication Technology System Maintenance) trade:                                                                                                 | tw6BTtl3gXI?si=3ghqMAgUdzoPNKeu| 
playlist?list=PL82K0I4-0q_wUaAAys2qStX66BkLvNpTf&si=1ATTnqYKp4aHHhRH| ICTSM      | Year 1| Module 3      | 1 Resistors and finding its values                        | Master the art of reading resistor color codes and using a multimeter to accurately measure and verify resistance values in ICT hardware.                                                                                       | PZCEwc53Em0?si=I3m99LbV3HmLtkXc| 
playlist?list=PL82K0I4-0q_wUaAAys2qStX66BkLvNpTf&si=1ATTnqYKp4aHHhRH| ICTSM      | Year 1| Module 3      | 2 Ohm's Law                                               | Understand the fundamental relationship between voltage, current, and resistance to analyze and troubleshoot circuits in ICT systems using Ohm's Law.                                                                           | OPZYUoX473U?si=19GKD7px1WLHkghC| 
playlist?list=PL82K0I4-0q_wUaAAys2qStX66BkLvNpTf&si=1ATTnqYKp4aHHhRH| ICTSM      | Year 1| Module 3      | 3 Soldering & De                                          | Master essential soldering and desoldering techniques to securely component-mount and safely repair PCBs in ICT systems.                                                                                                        | NqjcMbWlNAQ?si=9g-abBIqXUuqpQUo| 
playlist?list=PL82K0I4-0q_wUaAAys2qStX66BkLvNpTf&si=1ATTnqYKp4aHHhRH| ICTSM      | Year 1| Module 3      | 4 De-soldering                                            | Learn how to safely remove components from PCBs using de-soldering pumps and wicks without damaging sensitive ICT hardware.                                                                                                     | jXpnJ77pYlY?si=BjMn8aMEOSU48mEu| 
playlist?list=PL82K0I4-0q_z70DdIA_vrVjdfgjPJeduW&si=ey7SG5wlzmuM7792| ICTSM      | Year 1| Module 4      | 1 Inductance and Transformers                             | Understand the principles of inductance and how transformers function to step voltage up or down in ICT power supplies and circuits.                                                                                            | 1CULw2uvU8g?si=yqn1gfPUumJPwdPi| 
playlist?list=PL82K0I4-0q_z70DdIA_vrVjdfgjPJeduW&si=ey7SG5wlzmuM7792| ICTSM      | Year 1| Module 4      | 2 Transfomers and its Types                               | Explore the core principles of transformers and how to identify different types—like step-up, step-down, and isolation transformers—used in ICT power circuits.                                                                 | vE47pb2ZZYQ?si=JsKR4GeKNU1vs8TW| 
playlist?list=PL82K0I4-0q_z70DdIA_vrVjdfgjPJeduW&si=ey7SG5wlzmuM7792| ICTSM      | Year 1| Module 4      | 3 Transformer losses                                      | Discover the causes of core and copper losses in transformers and how they impact the efficiency of ICT power supply units.                                                                                                     | _o87T8n5D80?si=fjHGqzmBmHCpduF5| 
playlist?list=PL82K0I4-0q_yc5qYlTUJNudvwOP_n0jte&si=QgcWki-w5GH01aD8| ICTSM      | Year 1| Module 5      | 1 Capacitors                                              | Understand the role of capacitors in storing charge, filtering noise, and stabilizing voltage within ICT electronic circuits.                                                                                                   | hidjdN2DQW4?si=ukSWLe5MutDK81bb| 
playlist?list=PL82K0I4-0q_yc5qYlTUJNudvwOP_n0jte&si=QgcWki-w5GH01aD8| ICTSM      | Year 1| Module 5      | 2 Capacitors in series &parallel                          | Learn how to calculate and measure total capacitance when capacitors are connected in series and parallel configurations within ICT circuits.                                                                                   | 8lAeBBqX6ms?si=8INd2FMIphxJsEvn| 
playlist?list=PL82K0I4-0q_yc5qYlTUJNudvwOP_n0jte&si=QgcWki-w5GH01aD8| ICTSM      | Year 1| Module 5      | 3 Series and parallel resonance                           | Learn how to analyze series and parallel resonance circuits, calculate resonant frequency, and understand their critical roles in ICT communication and filtering systems.                                                      | 2Ga6O5wCmLY?si=9Ux09E-PcyvOxTO2| 
playlist?list=PL82K0I4-0q_y_WWZAgpLiEkMbie4cDNY_&si=Qti4wI7pqmyAuN2q| ICTSM      | Year 1| Module 6      | 1 Fuses and switches                                      | Learn how to identify, test, and replace various fuses and switches to ensure proper circuit protection and control in ICT hardware.                                                                                            | r8ZXPTIVy70?si=3KVY6Qhupgg-wDNY| 
playlist?list=PL82K0I4-0q_y_WWZAgpLiEkMbie4cDNY_&si=Qti4wI7pqmyAuN2q| ICTSM      | Year 1| Module 6      | 2 Simple Electrical circuit                               | Understand the fundamentals of a simple electrical circuit by exploring voltage, current, and load pathways essential for ICT hardware operation.                                                                               | 2OW3LoS-d4I?si=uNpa1n_z3M1MJGQ_| 
playlist?list=PL82K0I4-0q_y_WWZAgpLiEkMbie4cDNY_&si=Qti4wI7pqmyAuN2q| ICTSM      | Year 1| Module 6      | 3 Specification of Diodes                                 | Learn how to interpret key diode specifications—like forward voltage, peak inverse voltage ($PIV$), and maximum current—to select the right component for ICT circuit repairs.                                                  | wmww-dpVyAA?si=qUA9xzxFAC2BR4sQ| 
playlist?list=PL82K0I4-0q_y_WWZAgpLiEkMbie4cDNY_&si=Qti4wI7pqmyAuN2q| ICTSM      | Year 1| Module 6      | 4 Half wave & Full wave Rectifiers                        | Understand how half-wave and full-wave rectifiers convert AC to DC to provide stable, reliable power to sensitive ICT devices.                                                                                                  | kNaMoWGQ6SA?si=bPrXLNZ8GJQtiUHZ| 
playlist?list=PL82K0I4-0q_y_WWZAgpLiEkMbie4cDNY_&si=Qti4wI7pqmyAuN2q| ICTSM      | Year 1| Module 6      | 5 Bridge Rectifiers                                       | Discover how bridge rectifiers utilize four diodes to deliver efficient, full-wave AC-to-DC power conversion for stable ICT system operations.                                                                                  | vgyVfJ7B5E4?si=x-ZHduROHHLrSGS6| 
playlist?list=PL82K0I4-0q_y_WWZAgpLiEkMbie4cDNY_&si=Qti4wI7pqmyAuN2q| ICTSM      | Year 1| Module 6      | 6 Filters & Rectifiers                                    | Learn how filters work alongside rectifiers to smooth out AC ripples and deliver clean, stable DC power to sensitive ICT components.                                                                                            | rpBE4qVC09s?si=iYlvG_CKm15sJmhb| 
playlist?list=PL82K0I4-0q_y_WWZAgpLiEkMbie4cDNY_&si=Qti4wI7pqmyAuN2q| ICTSM      | Year 1| Module 6      | 7 Zener diodes                                            | Understand the unique breakdown characteristics of Zener diodes and how they are used for precise voltage regulation in ICT power supply circuits.                                                                              | 9MVTYmTu9VY?si=-WbEOQnp-zjwC2z6| 
playlist?list=PL82K0I4-0q_wa6bpO56fOMh3p1PG05OQg&si=7VDmU0pcL5fz2_fg| ICTSM      | Year 1| Module 7      | 1 Transistors                                             | Explore the working principles of transistors as electronic switches and amplifiers, and learn how to test them for ICT hardware troubleshooting.                                                                               | ifxwkclY2JU?si=dbk_QvV3QZEPNZtU| 
playlist?list=PL82K0I4-0q_wa6bpO56fOMh3p1PG05OQg&si=7VDmU0pcL5fz2_fg| ICTSM      | Year 1| Module 7      | 2 Biasing of Trasistors                                   | Understand how to set the correct DC operating point through transistor biasing to ensure stable amplification and switching in ICT electronic circuits.                                                                        | EH0IDF-w1zM?si=AklrlVnqiIm8fXTE| 
playlist?list=PL82K0I4-0q_wa6bpO56fOMh3p1PG05OQg&si=7VDmU0pcL5fz2_fg| ICTSM      | Year 1| Module 7      | 3 Amplifier                                               | Discover how transistor-based amplifiers boost weak electronic signals to ensure clear, high-quality audio and data transmission in ICT systems.                                                                                | KgUKe1rvSLA?si=0tXv-M8fsd42-2zA| 
playlist?list=PL82K0I4-0q_wa6bpO56fOMh3p1PG05OQg&si=7VDmU0pcL5fz2_fg| ICTSM      | Year 1| Module 7      | 4 Emitter follower                                        | Learn how the emitter follower circuit provides high input impedance and stable voltage gain for effective impedance matching in ICT communication systems.                                                                     | 5oedvwf_hBE?si=lt2ouGUmNTpMMSj0| 
playlist?list=PL82K0I4-0q_xmsiqdAmlWDfl4vDXvSzMO&si=GP3ISfAZNXXH9vTC| ICTSM      | Year 1| Module 8      | 1 FET                                                     | Master the working principles, terminal configurations, and switching characteristics of Field Effect Transistors ($FETs$) used in modern ICT hardware and low-power circuits.                                                  | 7iW9bRuvtnE?si=zkY7taK8gOWmthSz| 
playlist?list=PL82K0I4-0q_xmsiqdAmlWDfl4vDXvSzMO&si=GP3ISfAZNXXH9vTC| ICTSM      | Year 1| Module 8      | 2 UJT                                                     | Learn the operating principles of the Unijunction Transistor ($UJT$) and how it is used as a relaxation oscillator and trigger device in ICT power control circuits.                                                            | 3xRbvDO-wTU?si=5LbTPEK6DJkNdED8| 
playlist?list=PL82K0I4-0q_xmsiqdAmlWDfl4vDXvSzMO&si=GP3ISfAZNXXH9vTC| ICTSM      | Year 1| Module 8      | 3 SCR & TRIAC                                             | Understand the operating principles and switching characteristics of SCRs and TRIACs used for heavy-duty power control and AC switching in ICT systems.                                                                         | AhC_YjiGhgY?si=VjMFpwk7CtH2ZGnd| 
playlist?list=PL82K0I4-0q_xmsiqdAmlWDfl4vDXvSzMO&si=GP3ISfAZNXXH9vTC| ICTSM      | Year 1| Module 8      | 4 TRIAC & DIAC                                            | Learn how TRIACs and DIACs work together as bidirectional semiconductor devices to achieve precise AC voltage control and triggering in ICT power circuits.                                                                     | xXjr3I0Bl-w?si=Vodxujidqw8v4qro| 
playlist?list=PL82K0I4-0q_w__AAgyTlKlh_tYAHs121p&si=qpDIZtX2S0wzJJD0| ICTSM      | Year 1| Module 9      | 1 Series voltage regulators                               | Learn how series voltage regulators control output voltage by placing a transistor in series with the load to provide steady DC power for ICT hardware.                                                                         | 0WGZFY7pBaw?si=zpUGsDV9K1pYI4Ul| 
playlist?list=PL82K0I4-0q_w__AAgyTlKlh_tYAHs121p&si=qpDIZtX2S0wzJJD0| ICTSM      | Year 1| Module 9      | 2 Regulators and inverters                                | Discover how voltage regulators and inverters work to maintain stable DC levels and convert DC back to AC for reliable backup power in ICT infrastructure.                                                                      | nK9bfMILP1c?si=WwsLrEMdFBiot1PQ| 
playlist?list=PL82K0I4-0q_w__AAgyTlKlh_tYAHs121p&si=qpDIZtX2S0wzJJD0| ICTSM      | Year 1| Module 9      | 3 UPS                                                     | Explore the different types of Uninterruptible Power Supplies ($UPS$) and learn how they provide critical backup power and surge protection for ICT systems.                                                                    | BLfrDnv4XDI?si=3E3U_hi-1ntdEDE5| 
playlist?list=PL82K0I4-0q_wP_Bxj5SqvptCpIVgfpQsJ&si=ihrfQC-5cLXAtNwr| ICTSM      | Year 1| Module 10     | 1 Number systems and conversions                          | Master the fundamentals of Binary, Octal, Decimal, and Hexadecimal number systems and learn how to convert between them for digital logic and ICT hardware diagnostics.                                                         | I5ShSko82DE?si=xYofmizs7P6hK6rt| 
playlist?list=PL82K0I4-0q_wP_Bxj5SqvptCpIVgfpQsJ&si=ihrfQC-5cLXAtNwr| ICTSM      | Year 1| Module 10     | 2 Logic Gates                                             | Understand the fundamental operation of AND, OR, NOT, and universal logic gates used to process digital signals and execute instructions in ICT hardware.                                                                       | bQIQ-Gb2oEY?si=k57CdvK36p2sxjdN| 
playlist?list=PL82K0I4-0q_wP_Bxj5SqvptCpIVgfpQsJ&si=ihrfQC-5cLXAtNwr| ICTSM      | Year 1| Module 10     | 3 Flip-flops)                                             | Learn how different types of flip-flops serve as the fundamental bistable memory elements used to store binary data and build registers in ICT hardware.                                                                        | YwmPyn0LcR4?si=bILFAPl-8sS-05Cf| 
playlist?list=PL82K0I4-0q_wP_Bxj5SqvptCpIVgfpQsJ&si=ihrfQC-5cLXAtNwr| ICTSM      | Year 1| Module 10     | 4 Karnaugh Map                                            | Learn how to use Karnaugh Maps (K−maps) as a visual tool to simplify complex Boolean expressions and optimize digital logic circuits in ICT hardware.                                                                           | HYKmYa86hc8?si=mjF_aOA3ExXvJR5o| 
playlist?list=PL82K0I4-0q_wP_Bxj5SqvptCpIVgfpQsJ&si=ihrfQC-5cLXAtNwr| ICTSM      | Year 1| Module 10     | 1 J.K flip-flop                                           | Understand the operation, truth table, and toggle state of the JK flip-flop, the versatile digital memory element used to eliminate invalid states in ICT circuitry.                                                            | 8CrYBgb4Bt4?si=oDxbd62VE7xp4STK| 
playlist?list=PL82K0I4-0q_wP_Bxj5SqvptCpIVgfpQsJ&si=ihrfQC-5cLXAtNwr| ICTSM      | Year 1| Module 10     | 2 Up/Down counters                                        | Master the operation of asynchronous and synchronous Up/Down counters used for tracking sequences and timing operations in digital ICT hardware.                                                                                | cfkgjSd0yRQ?si=flT6uFB7Flrv9zak| 
playlist?list=PL82K0I4-0q_wP_Bxj5SqvptCpIVgfpQsJ&si=ihrfQC-5cLXAtNwr| ICTSM      | Year 1| Module 10     | 3 Binary arithmetic                                       | Learn the rules of binary addition, subtraction, multiplication, and division required for computer processing and digital logic diagnostics in ICTSM.                                                                          | ysRuP-7UXvo?si=wq0-u5APXNJoSKwn| 
playlist?list=PL82K0I4-0q_wP_Bxj5SqvptCpIVgfpQsJ&si=ihrfQC-5cLXAtNwr| ICTSM      | Year 1| Module 10     | 4 Multiplexers & Demultiplexers                           | Discover how Multiplexers (MUX) and Demultiplexers (DEMUX) route multiple digital data streams over a single line to optimize data transmission in ICT networks.                                                                | 2xyffhswmsA?si=J-3Oz8envCghkBzy| 
playlist?list=PL82K0I4-0q_wP_Bxj5SqvptCpIVgfpQsJ&si=ihrfQC-5cLXAtNwr| ICTSM      | Year 1| Module 10     | 5 Analog-to-digital converter                             | Understand how Analog-to-Digital Converters (ADCs) sample and quantize continuous real-world signals into discrete binary data for computer processing in ICT hardware.                                                         | 5rhGfa52_u8?si=smUlEtmEjFDy81kv| 
playlist?list=PL82K0I4-0q_wP_Bxj5SqvptCpIVgfpQsJ&si=ihrfQC-5cLXAtNwr| ICTSM      | Year 1| Module 10     | 6 Shift registers                                         | Learn how shift registers store and move binary data serially or in parallel to facilitate data transfer and conversion within digital ICT systems.                                                                             | M15bhbxkG_E?si=sh0XotHWZE34k69X| 
playlist?list=PL82K0I4-0q_yvG_ZlQsEh2FBDut2b2Z_m&si=mGYOybvx33tMbK_D| ICTSM      | Year 1| Module 11     | 1 Batteries                                               | Explore the construction, working principles, and maintenance of different types of rechargeable batteries used to provide reliable backup power for ICT infrastructure.                                                        | MDD8UV_MUHo?si=fkbjy1hUMgPourKl| 
playlist?list=PL82K0I4-0q_yvG_ZlQsEh2FBDut2b2Z_m&si=mGYOybvx33tMbK_D| ICTSM      | Year 1| Module 11     | 2 Lead acid battery                                       | Learn the internal construction, chemical reactions, and maintenance procedures of Lead-Acid batteries used for heavy-duty power backup in ICTSM infrastructure.                                                                | wimRx4aF5Nw?si=uF16Q9UuKzPEVhOR| 
playlist?list=PL82K0I4-0q_wCevdLVGAW_7MPfUp6aUEi&si=DuRcDq_csJB4z3ke| ICTSM      | Year 1| Module 12     | 1 CRO                                                     | Learn how to operate a Cathode Ray Oscilloscope ($CRO$) to visualize, measure, and analyze voltage waveforms and signal frequencies in electronic ICT circuits.                                                                 | AMmm2pMuoY0?si=tnkwyPYj6pVggxsp| 
playlist?list=PL82K0I4-0q_wCevdLVGAW_7MPfUp6aUEi&si=DuRcDq_csJB4z3ke| ICTSM      | Year 1| Module 12     | 2 Wavefomer                                               | Learn how wave shaping circuits use diodes, resistors, and capacitors to clip or clamp electronic signals into desired waveforms for ICT equipment.                                                                             | T_E7yVFhaPI?si=885LMRzxVwNKhLpo| 
playlist?list=PL82K0I4-0q_wCevdLVGAW_7MPfUp6aUEi&si=DuRcDq_csJB4z3ke| ICTSM      | Year 1| Module 12     | 3 Oscilloscope                                            | Master the essentials of operating an oscilloscope to accurately measure, visualize, and troubleshoot voltage waveforms and high-frequency signals in digital ICT hardware.                                                     | cMp2n218Hvg?si=g6XU06MK1sL6ti2C| 
playlist?list=PL82K0I4-0q_wCevdLVGAW_7MPfUp6aUEi&si=DuRcDq_csJB4z3ke| ICTSM      | Year 1| Module 12     | 4 Working of oscilloscope                                 | Understand how an oscilloscope acquires, processes, and displays electrical signals in real time to visualize waveforms and troubleshoot ICT hardware circuits.                                                                 | TitQhLmSe0s?si=xk0AWwcich9VApnw| 
playlist?list=PL82K0I4-0q_wCevdLVGAW_7MPfUp6aUEi&si=DuRcDq_csJB4z3ke| ICTSM      | Year 1| Module 12     | 5 Advance Oscilloscope                                    | Explore the advanced features, digital storage capabilities, and automated measurement functions of modern digital oscilloscopes used for high-speed signal analysis in ICT hardware diagnostics.                               | YvAEzKsJ8e0?si=S4b0kVmu78If9F9n| 
playlist?list=PL82K0I4-0q_xY9NooO4shDpRMzhPJp3PU&si=tPRCNjdzvVI8-pM5| ICTSM      | Year 1| Module 13     | 1 Gears,Blets,Stepper Motor                               | Understand how gears, belts, and stepper motors work together to provide precise mechanical motion control and positioning in automated ICT hardware and peripherals.                                                           | VkagjJsPFYE?si=uyMIIjjqlylRGHX-| 
playlist?list=PL82K0I4-0q_xY9NooO4shDpRMzhPJp3PU&si=tPRCNjdzvVI8-pM5| ICTSM      | Year 1| Module 13     | 2 Microprocessor                                          | Learn the architecture, bus structures, and instruction cycles of a microprocessor, the central brain that executes data processing tasks in digital ICT hardware.                                                              | VYhu19jwwqs?si=BtfvMKueT7AhkDNw| 
playlist?list=PL82K0I4-0q_x316at0dsnuz2xy1swjXCG&si=D9E5fhmS0c1OUj3z| ICTSM      | Year 1| Module 14     | 1 MS Word                                                 | Master the essential features of MS Word to create, format, and manage professional documents, templates, and reports required in day-to-day ICT administration.                                                                | rTH4vZLMxZg?si=BwIPAVOZnNOs91ug| 
playlist?list=PL82K0I4-0q_x316at0dsnuz2xy1swjXCG&si=D9E5fhmS0c1OUj3z| ICTSM      | Year 1| Module 14     | 2 Page layout and Mail merge                              | Learn how to configure page layouts and use mail merge in MS Word to efficiently automate and customize bulk document generation for professional ICT operations.                                                               | Mw4xL2BFabw?si=ZD3oOO8WtEWscKZB| 
playlist?list=PL82K0I4-0q_zPsgvT_A08Sv8_jqzklw8_&si=TIIEz3V5frEBCrUa| ICTSM      | Year 1| Module 15     | 1 MS Excel                                                | Master the essentials of MS Excel to build spreadsheets, apply formulas, and analyze data efficiently for tracking and managing resources in ICT operations.                                                                    | SQrkGX_zbyU?si=_cqDUvdhEKmpm1aP| 
playlist?list=PL82K0I4-0q_zPsgvT_A08Sv8_jqzklw8_&si=TIIEz3V5frEBCrUa| ICTSM      | Year 1| Module 15     | 2 Function and Formulas in Excel                          | Learn how to use essential Excel functions and formulas to automate data calculations, manipulate text, and analyze technical metrics in ICT management.                                                                        | qwsmCDKQS7g?si=74uxv9kOZO_Lo7bH| 
playlist?list=PL82K0I4-0q_xtLPPw579FaTpRfzbqX8vD&si=zaaf0MB-Zji9WlHW| ICTSM      | Year 1| Module 16     | 3 Intro to computers                                      | Explore the core components, processing architecture, and functional blocks of a computer system that form the foundation of IT hardware maintenance in ICTSM.                                                                  | DN1aJk6RnB4?si=buHH5IskFTLOEGDX| 
playlist?list=PL82K0I4-0q_xtLPPw579FaTpRfzbqX8vD&si=zaaf0MB-Zji9WlHW| ICTSM      | Year 1| Module 16     | 4 Types of Computers                                      | Explore the classification of computers based on size, functionality, and processing power—from microcomputers to supercomputers—used in diverse ICT infrastructures.                                                           | XNV4XjXZAE4?si=2diCv2xPiu14CSK0| 
playlist?list=PL82K0I4-0q_xtLPPw579FaTpRfzbqX8vD&si=zaaf0MB-Zji9WlHW| ICTSM      | Year 1| Module 16     | 5 Electronic Tools                                        | Discover the essential hand tools and specialized instruments required for safe, precise assembly and troubleshooting of electronic hardware in the ICTSM trade.                                                                | Hw_hO-AEzfo?si=oWLNS69zxSo2YuEL| 
playlist?list=PL82K0I4-0q_xtLPPw579FaTpRfzbqX8vD&si=zaaf0MB-Zji9WlHW| ICTSM      | Year 1| Module 16     | 6 Hardware Maintenance                                    | Learn the essential practices of preventive maintenance, component cleaning, and hardware troubleshooting to ensure the reliability and longevity of IT systems and network equipment.                                          | l5u5Hw8QGbY?si=qjV9Ia522e1mxfsX| 
playlist?list=PL82K0I4-0q_xtLPPw579FaTpRfzbqX8vD&si=zaaf0MB-Zji9WlHW| ICTSM      | Year 1| Module 16     | 7 Computer's Info                                         | Discover the core building blocks of a computer system, exploring how hardware, software, and peripheral devices interface to process data in modern ICT networks.                                                              | xQVoESZakAI?si=sWd8wLPhrIuX4Kl-| 
playlist?list=PL82K0I4-0q_zUi2ZubKCCIddTjXc1VyPh&si=bcSxCdB4L3IpYNF_| ICTSM      | Year 1| Module 17     | 1 Computer Hardware                                       | Learn the fundamental internal and external hardware components, peripheral connections, and system architectures, tailored for 1st-year students in the ICTSM Trade.                                                           | 1WmMeGIFpbU?si=_ddP7-nz0H-KVUxw| 
playlist?list=PL82K0I4-0q_zUi2ZubKCCIddTjXc1VyPh&si=bcSxCdB4L3IpYNF_| ICTSM      | Year 1| Module 17     | 2 Computer from inside                                    | Explore the internal architecture, motherboard components, and vital hardware connections inside a computer tower, tailored for 1st-year students in the ICTSM Trade.                                                           | fyg6WAVntKk?si=TE4RFIXtLqiS99nd| 
playlist?list=PL82K0I4-0q_zUi2ZubKCCIddTjXc1VyPh&si=bcSxCdB4L3IpYNF_| ICTSM      | Year 1| Module 17     | 3 Computer's Cables                                       | Learn to identify, connect, and troubleshoot various internal and external computer interface cables and connectors, tailored for 1st-year students in the ICTSM Trade.                                                         | jSVz2seL1qA?si=ErGwERvC_JF5v_8D| 
playlist?list=PL82K0I4-0q_zUi2ZubKCCIddTjXc1VyPh&si=bcSxCdB4L3IpYNF_| ICTSM      | Year 1| Module 17     | 4 Motherboard                                             | Learn about motherboard form factors, chipset architectures, expansion slots, and internal socket interfaces, tailored for 1st-year students in the ICTSM Trade.                                                                | -I7AtlKHH0c?si=lQgnLomCz2FIVZxA| 
playlist?list=PL82K0I4-0q_zUi2ZubKCCIddTjXc1VyPh&si=bcSxCdB4L3IpYNF_| ICTSM      | Year 1| Module 17     | 5 Computer's Brain CPU                                    | Learn the internal architecture, clock speed factors, and core processing functions of the Central Processing Unit (CPU), tailored for 1st-year students in the ICTSM Trade.                                                    | 3X45e5c6kWs?si=sSIUl8Lw_fcWNmCy| 
playlist?list=PL82K0I4-0q_zTfwi9tf1ydys-LJLdzJOI&si=MzSlgDndgZGwn6ZA| ICTSM      | Year 1| Module 18     | 1 Computer's Memory                                       | An essential technical overview for second-year ITI ICTSM students exploring computer memory hierarchies, distinguishing between primary and secondary storage, and analyzing volatile versus non-volatile memory architectures.| 5aXqzWCeyhs?si=Rsmvzv7L3khphuuz| 
playlist?list=PL82K0I4-0q_zTfwi9tf1ydys-LJLdzJOI&si=MzSlgDndgZGwn6ZA| ICTSM      | Year 1| Module 18     | 2 Hard Drive                                              | A technical guide for ICTSM second-year students detailing hard drive architecture, storage mechanisms, interface standards, and essential troubleshooting and maintenance procedures.                                          | c67Z32PPNOg?si=WdD_FbIFVjV5nHI_| 
playlist?list=PL82K0I4-0q_zi9DYQ6f2I_wrX2cZBOriX&si=-KTNTXGx4FsykqMr| ICTSM      | Year 1| Module 19     | 1 Software                                                | An advanced guide for second-year ITI ICTSM students exploring software classifications, installation procedures, troubleshooting techniques, and system configuration management.                                              | Ee2F-bo7yMU?si=hcYFfk1V9JLfUkp1| 
playlist?list=PL82K0I4-0q_zi9DYQ6f2I_wrX2cZBOriX&si=-KTNTXGx4FsykqMr| ICTSM      | Year 1| Module 19     | 2 Windows                                                 | A comprehensive session for second-year ICTSM students focusing on advanced Windows administration, system configuration, and network management tools.                                                                         | TqDkgCgkqZo?si=UGl7YFYSrYI3cLNr| 
playlist?list=PL82K0I4-0q_xsDiB28OgCkB9UjwRM8USp&si=eRPMB2tHmtCFILiF| ICTSM      | Year 1| Module 20     | 1 Computer storage                                        | Learn about primary and secondary computer storage devices, including HDDs, SSDs, and RAM characteristics, tailored for 1st-year students in the ICTSM Trade.                                                                   | 77vuJQqGsMY?si=-hinrK9dYSgR6yW6| 
playlist?list=PL82K0I4-0q_zC4TFDTAUcPNtxEAX0nUCf&si=cTymsdIrw4BhmE_Q| ICTSM      | Year 1| Module 21     | 1 Computer Hardware Service                               | An advanced instructional video for second-year ICTSM students covering PC troubleshooting,component-level servicing,diagnostic tools,and hardware maintenance practices.                                                       | 3g3-OV4iTh8?si=eavGhFHgCpkzfFTc| 
playlist?list=PL82K0I4-0q_zC4TFDTAUcPNtxEAX0nUCf&si=cTymsdIrw4BhmE_Q| ICTSM      | Year 1| Module 21     | 2 Troubleshooting                                         | An advanced troubleshooting guide for second-year ITI ICTSM students,focusing on diagnosing,isolating,and resolving complex hardware and network system faults.                                                                 | rd9Zd0EbK1M?si=BIJrXJBXwxGyZwPB| 
playlist?list=PL82K0I4-0q_zC4TFDTAUcPNtxEAX0nUCf&si=cTymsdIrw4BhmE_Q| ICTSM      | Year 1| Module 21     | 3 Troubleshooting                                         | A practical training video for ITI ICTSM II-year students covering systematic hardware diagnostics,OS recovery techniques,and system maintenance workflows.                                                                     | kEpN6RNY49k?si=FloyWSd3nJDRZ4Yv| 
playlist?list=PL82K0I4-0q_zC4TFDTAUcPNtxEAX0nUCf&si=cTymsdIrw4BhmE_Q| ICTSM      | Year 1| Module 21     | 4 Troubleshooting                                         | An essential video session on hardware and software troubleshooting protocols designed for second-year ITI ICTSM students to build real-world diagnostic skills.                                                                | y45Ye7P7DWo?si=wutd5HOHT1ZhDJ2v| 
playlist?list=PL82K0I4-0q_x3PVfgkjURQoatcLHxD5Db&si=ilL8klURzEWca6--| ICTSM      | Year 1| Module 22     | 1 Hardware cleaning procedures                            | Learn the proper safety protocols, cleaning solutions, and essential tool techniques for maintaining computer hardware components, tailored for 1st-year students in the ICTSM Trade.                                           | -KX_-tT3ltU?si=ZLxmGxLsYzfMu0n2| 
playlist?list=PL82K0I4-0q_x3PVfgkjURQoatcLHxD5Db&si=ilL8klURzEWca6--| ICTSM      | Year 1| Module 22     | 2 Cleanliness                                             | Learn the best preventive maintenance practices and cleaning schedules to keep workspace environments and computer systems dust-free, tailored for 1st-year students in the ICTSM Trade.                                        | Q4etxD2qb48?si=LppPOUn0vD0BajtZ| 
playlist?list=PL82K0I4-0q_wKwpb9HsQUi4T-dcBef461&si=huSw5gmexauVek5s| ICTSM      | Year 1| Module 23     | 1 Hard Disk Drive                                         | An in-depth technical overview for second-year ICTSM students explaining the internal architecture, data storage mechanisms, and troubleshooting procedures for Hard Disk Drives (HDDs).                                        | hsSc7AHhin8?si=MzuiYEwy-f1rKY3i| 
playlist?list=PL82K0I4-0q_wlJdFSy8oNPwIi-iFyVWE0&si=t-uVeptWjjvNs8hg| ICTSM      | Year 1| Module 24     | 1 Virus Removel                                           | Learn how to identify system infections, run antivirus scans, and execute secure malware elimination procedures, tailored for 1st-year students in the ICTSM Trade.                                                             | ye0IDW9Z2uY?si=6AGvdbWUpV-jedD9| 
playlist?list=PL82K0I4-0q_wsJKgr-RR0BDndw1L0Y9Pp&si=8htxnCSO8KmtkMiN| ICTSM      | Year 1| Module 25     | 1 Windows registry                                        | An advanced guide for second-year ITI ICTSM students exploring the Windows Registry structure, detailing how to safely navigate, modify, and troubleshoot system configurations.                                                | DmcE1AsZccY?si=On_mj9Tzpfh5hU7V| 
playlist?list=PL82K0I4-0q_wsJKgr-RR0BDndw1L0Y9Pp&si=8htxnCSO8KmtkMiN| ICTSM      | Year 1| Module 25     | 2 Improve PC Perfomance                                   | A highly practical tutorial for second-year ITI ICTSM students focused on diagnostic techniques, system optimization, and hardware/software troubleshooting to maximize PC performance.                                         | I61M_qHhGLM?si=kibvORkst-Z3uS7e| 
playlist?list=PL82K0I4-0q_xyO0QMhgvkvjxT-s0qK5h5&si=tZsZ4a60-y9t7o6Q| ICTSM      | Year 1| Module 26     | 1 User Accounts & Task Manager                            | Learn to manage user profiles, configure access permissions, and monitor active system processes using Task Manager, tailored for 1st-year students in the ICTSM Trade.                                                         | G9srFu4hvMU?si=A7PpM9-yGpfH2BBh| 
playlist?list=PL82K0I4-0q_zudRvLLE4sxhlsA79bK-Ni&si=9S68j1Z1H9eiojvN| ICTSM      | Year 1| Module 27     | 1 Updates and Service Pack                                | A technical guide for second-year ITI ICTSM students explaining software update management, operating system patches, and the installation of service packs to maintain system security and stability.                          | 7ktpPDUvlT4?si=PlhtBI7mNtbQ6EmB| 
playlist?list=PL82K0I4-0q_yD7ptRoBHrlMB0Wlu6bbUv&si=OLcvYTMjCMFEp4IG| ICTSM      | Year 1| Module 28     | 1 Software installation & Uninstallation                  | Learn the step-by-step procedures to safely install, configure, and completely uninstall software programs in Windows, tailored for 1st-year students in the ICTSM Trade.                                                       | ZbE-LI3STQQ?si=UEDJRe-sZ9kVyT8z| 
playlist?list=PL82K0I4-0q_yD7ptRoBHrlMB0Wlu6bbUv&si=OLcvYTMjCMFEp4IG| ICTSM      | Year 1| Module 28     | 2 Cybercrime Penalties                                    | Learn about IT Act legal provisions, data security regulations, and the legal consequences of unauthorized system access, tailored for 1st-year students in the ICTSM Trade.                                                    | Fx6DRyoEGMw?si=8_FcIQQVqaZXZ533| 
playlist?list=PL82K0I4-0q_yxsT5Ei0YKObtD1M6sN1MI&si=4nMjjnhISaotWJpX| ICTSM      | Year 1| Module 29     | 1 Hardware Driver Installation                            | Learn how to identify, download, and install correct hardware drivers to ensure seamless device compatibility, tailored for 1st-year students in the ICTSM Trade.                                                               | JOLmIiTGYkI?si=0GZ5KoBEwYaGAqvM| 
playlist?list=PL82K0I4-0q_zEqKnj8AeA-AVT1zWIo1wk&si=xE3OWoXWXno-aFBL| ICTSM      | Year 1| Module 30     | 1 Windows Performance and System Speed                    | Learn how to optimize system boot times, manage startup applications, and configure virtual memory settings to boost Windows performance, tailored for 1st-year students in the ICTSM Trade.                                    | tZtkWm0la88?si=bbHyKhiNhovks5rr| 
playlist?list=PL82K0I4-0q_zEqKnj8AeA-AVT1zWIo1wk&si=xE3OWoXWXno-aFBL| ICTSM      | Year 1| Module 30     | 2 Windows Backup and Restore                              | Learn how to configure system restore points, schedule regular data backups, and recover Windows operating systems, tailored for 1st-year students in the ICTSM Trade.                                                          | J095iv2I2sI?si=ugn7QWD2zu3S37Mb| 
playlist?list=PL82K0I4-0q_zLt4gYHX68Eyqcrl1eoecz&si=hlmM03lFBH70g_dO| ICTSM      | Year 1| Module 32 & 31| 1 Junk Files Removal                                      | Learn how to safely locate, clean, and permanently delete system junk files to optimize storage space, tailored for 1st-year students in the ICTSM Trade.                                                                       | miBsflPhbPw?si=N1j_lnbTOc1LWPgb| 
playlist?list=PL82K0I4-0q_zJ8nyRFrTfWALyms4XFzjO&si=H88lbMigKo1ueX_d| ICTSM      | Year 1| Module 33     | 1 MS Outlook                                              | Learn how to configure user profiles, navigate the interface, and manage email communication essentials in MS Outlook, tailored for 1st-year students in the ICTSM Trade.                                                       | BkFDxOhTUpE?si=3BR9RUty8mQSlCAg| 
playlist?list=PL82K0I4-0q_yDRoNn1OeuUvqke7vk5ZUb&si=ogqKqmvUIQcnodu-| ICTSM      | Year 1| Module 34     | 1 Laptop Parts                                            | Learn to identify and understand the core internal and external components of a laptop, tailored for 1st-year students in the ICTSM Trade.                                                                                      | wPaeZV-DSaw?si=IsVGNrIxeAXttkXK| 
playlist?list=PL82K0I4-0q_yDRoNn1OeuUvqke7vk5ZUb&si=ogqKqmvUIQcnodu-| ICTSM      | Year 1| Module 34     | 2 Laptop parts                                            | Learn the step-by-step assembly, disassembly, and specific component functions of laptop hardware, tailored for 1st-year students in the ICTSM Trade.                                                                           | tGJSfsm4KfE?si=wq8P050a1FiZvNQF| 
playlist?list=PL82K0I4-0q_wf9byjJEVzDhCUT5PS0j7A&si=Mn2zSn-DMc9dKY4W| ICTSM      | Year 1| Module 35     | 1 SMPS                                                    | Learn the working principles, internal components, and voltage output regulations of a Switched-Mode Power Supply (SMPS), tailored for 1st-year students in the ICTSM Trade.                                                    | IEwCJqidDSA?si=NgrFa5-TKsZDia3C| 
playlist?list=PL82K0I4-0q_yxra2_Vkk1U9jpvu6jJips&si=T849kKuAXYPsgylv| ICTSM      | Year 1| Module 36     | 1 Mother Boar                                             | Learn the layout, component sockets, and communication pathways of a computer motherboard, tailored for 1st-year students in the ICTSM Trade.                                                                                   | Lu0T0t0FTgQ?si=6GTJxy6wAAk0Ro24| 
playlist?list=PL82K0I4-0q_y9a6LKUGDxO8Qdw1XWb1hb&si=1pR4BAu5F2_1un2o| ICTSM      | Year 1| Module 37     | 1 CMOS battery                                            | Learn the function, replacement procedures, and troubleshooting steps for the motherboard CMOS battery, tailored for 1st-year students in the ICTSM Trade.                                                                      | Exhq084ot7I?si=n5koNHIWlsviucJM| 
playlist?list=PL82K0I4-0q_y9a6LKUGDxO8Qdw1XWb1hb&si=1pR4BAu5F2_1un2o| ICTSM      | Year 1| Module 37     | 2 Processor                                               | Learn the foundational architecture, clock speeds, and installation procedures of central processing units (CPUs), tailored for 1st-year students in the ICTSM Trade.                                                           | eT_CVOU5kiU?si=vWW_NR5Ju_DaEgFV| 
playlist?list=PL82K0I4-0q_zKIYhlhWxtWVe1sr-o4zYF&si=I0wgxMI97OpC6sbL| ICTSM      | Year 1| Module 38     | 1 SIMM & DIMM                                             | Learn to identify, compare, and install SIMM and DIMM memory modules in computer motherboard slots, tailored for 1st-year students in the ICTSM Trade.                                                                          | nlhu4SX0IUw?si=bmdbxI-MjsmRr1_X| 
playlist?list=PL82K0I4-0q_y1veGsqlZWQXyIZ93zzSjB&si=zPsXEx0y0bgR0NJn| ICTSM      | Year 2| Module 1      | 1 Linux OS                                                | An advanced instructional video for second-year ITI ICTSM students focusing on Linux operating system administration, command-line operations, and system configuration.                                                        | ntXDkICB670?si=XKWgyU3H2VoBAT9O| 
playlist?list=PL82K0I4-0q_y1veGsqlZWQXyIZ93zzSjB&si=zPsXEx0y0bgR0NJn| ICTSM      | Year 2| Module 1      | 2.1 Linux Command Line                                    | An essential introduction for ICTSM II Year students to the Linux Command Line interface, covering terminal navigation and basic directory structures.                                                                          | By901XBSYGs?si=aTWu_lqidqKGotk7| 
playlist?list=PL82K0I4-0q_y1veGsqlZWQXyIZ93zzSjB&si=zPsXEx0y0bgR0NJn| ICTSM      | Year 2| Module 1      | 2.2 Linux Command Line                                    | A continuation of the Linux command series, focusing on core file management, text manipulation, and viewing commands for system administration.                                                                                | tyraKtLi4Yw?si=DWBQibqT8ydruq5M| 
playlist?list=PL82K0I4-0q_y1veGsqlZWQXyIZ93zzSjB&si=zPsXEx0y0bgR0NJn| ICTSM      | Year 2| Module 1      | 2.3 Linux Command Line                                    | A deep dive into intermediate Linux operations, covering user permissions, file ownership, and critical command-line utilities for ICTSM students.                                                                              | q1rbCf4kQwE?si=O9pj9-ZvILztfcPc| 
playlist?list=PL82K0I4-0q_y1veGsqlZWQXyIZ93zzSjB&si=zPsXEx0y0bgR0NJn| ICTSM      | Year 2| Module 1      | 2.4 Linux Command Line                                    | The final installment of the series, mastering advanced Linux command-line techniques, process management, and essential system troubleshooting tools.                                                                          | Zp1biPJujzk?si=LpV_iNuTOIHjYeU5| 
playlist?list=PL82K0I4-0q_y1veGsqlZWQXyIZ93zzSjB&si=zPsXEx0y0bgR0NJn| ICTSM      | Year 2| Module 1      | 6 Electronic signals                                      | A technical guide for second-year ITI ICTSM students exploring the characteristics, generation, and application of analog and digital electronic signals in communication systems.                                              | zd-Hv0Jh50c?si=YPHqbf-sYDaXKoZA| 
playlist?list=PL82K0I4-0q_zPGfUdx1suNJrUYabWej07&si=3rCJEJKJjIhoLKMe| WELDER     | Year 1| Module 1      | 1 Importance of Trade Training                            | An essential orientation video for Welder trade students highlighting the career opportunities, industry demand, and vital practical skills gained through specialized vocational training.                                     | 4iw95STLrDg?si=dILnvua7n_cNpoxV| 
playlist?list=PL82K0I4-0q_zPGfUdx1suNJrUYabWej07&si=3rCJEJKJjIhoLKMe| WELDER     | Year 1| Module 1      | 2 Elementary First Aid                                    | An essential safety guide for ITI Welder students covering immediate first-aid protocols, burn management, and emergency response procedures for common welding workshop injuries.                                              | y9Tcam7ex14?si=Jn4u_KJvZxvcKvuf| 
playlist?list=PL82K0I4-0q_zPGfUdx1suNJrUYabWej07&si=3rCJEJKJjIhoLKMe| WELDER     | Year 1| Module 1      | 3 Importance of Welding                                   | An essential overview for ITI Welder students highlighting the industrial importance of welding, core manufacturing applications, and its vital role in modern infrastructure and engineering.                                  | RPPNq2edc1w?si=deZg_9OM5WS-o_gE| 
playlist?list=PL82K0I4-0q_zPGfUdx1suNJrUYabWej07&si=3rCJEJKJjIhoLKMe| WELDER     | Year 1| Module 1      | 4 Fundamentals of Welding Theory                          | A foundational training session for Welder trade students covering core welding concepts, joint design, safety protocols, and the fundamental physics of the electric arc.                                                      | xIrPqOiPBeo?si=glhG8l3vMCGIRapi| 
playlist?list=PL82K0I4-0q_zPGfUdx1suNJrUYabWej07&si=3rCJEJKJjIhoLKMe| WELDER     | Year 1| Module 1      | 5 Welder's Toolkit                                        | An essential overview for ITI Welder students introducing industry-standard welding tools, safety gear, and equipment setup required for workshop operations.                                                                   | V9X5JQZQZ8Y?si=HvKpLmRqTnOcUdEa| 
playlist?list=PL82K0I4-0q_zPGfUdx1suNJrUYabWej07&si=3rCJEJKJjIhoLKMe| WELDER     | Year 1| Module 1      | 6 Hand Tools for Gas Welding                              | An essential practical guide for Welder trade students covering the identification, selection, and safe usage of specialized hand tools required for gas welding operations.                                                    | Iv0SrqWDXZM?si=QUGMhrjDiSVGkiT8| 
playlist?list=PL82K0I4-0q_zPGfUdx1suNJrUYabWej07&si=3rCJEJKJjIhoLKMe| WELDER     | Year 1| Module 1      | 7 Welding Processes and Applications                      | A foundational overview for ITI Welder students introducing various welding techniques, equipment safety protocols, and their practical industrial applications.                                                                | G94ztuUh0Sg?si=ZpbSjgcxs5CB3KBv| 
playlist?list=PL82K0I4-0q_zPGfUdx1suNJrUYabWej07&si=3rCJEJKJjIhoLKMe| WELDER     | Year 1| Module 1      | 8 Arc and Gas welding terms                               | An essential training session for Welder trade students defining core arc and gas welding terminology, joint types, and basic process parameters.                                                                               | E8TjKOxjw6A?si=2ujhQ82k03hwryDJ| 
playlist?list=PL82K0I4-0q_zPGfUdx1suNJrUYabWej07&si=3rCJEJKJjIhoLKMe| WELDER     | Year 1| Module 1      | 9 Metal Joining Methods                                   | A practical guide for ITI Welder students exploring various metal joining methods, including fusion welding, brazing, and soldering, along with their industry applications.                                                    | Q05krQYeESE?si=w8cu1sOShICzb8P-| 
playlist?list=PL82K0I4-0q_zPGfUdx1suNJrUYabWej07&si=3rCJEJKJjIhoLKMe| WELDER     | Year 1| Module 1      | 10 Soldering                                              | A practical training session for ITI Welder students explaining the fundamentals of soldering, including tool selection, flux application, and joint preparation techniques.                                                    | ewWyNP4ll4I?si=6pnB1YTXsSD4QviS| 
playlist?list=PL82K0I4-0q_zPGfUdx1suNJrUYabWej07&si=3rCJEJKJjIhoLKMe| WELDER     | Year 1| Module 1      | 11 Types of welding joints                                | A foundational guide for Welder trade students explaining the five basic types of welding joints—butt, lap, corner, T-, and edge—and their specific industrial applications.                                                    | eDpV6qOSyTk?si=3UTu8c0g5RaaHOQg| 
playlist?list=PL82K0I4-0q_zPGfUdx1suNJrUYabWej07&si=3rCJEJKJjIhoLKMe| WELDER     | Year 1| Module 1      | 12 Surface cleaning                                       | An essential safety and technical guide for ITI Welder students on proper surface cleaning techniques to remove contaminants and ensure strong, defect-free welds.                                                              | HFt3W-S7wnk?si=QHiL9lHY02Zvnqoh| 
playlist?list=PL82K0I4-0q_zPGfUdx1suNJrUYabWej07&si=3rCJEJKJjIhoLKMe| WELDER     | Year 1| Module 1      | 13 Basic electricity applicable                           | A fundamental training session for ITI Welder students explaining the principles of basic electricity, including voltage, current, and circuit safety as they apply to welding operations.                                      | ie4IAWbSTrI?si=-56pMJGvtsx-Sx5a| 
playlist?list=PL82K0I4-0q_zPGfUdx1suNJrUYabWej07&si=3rCJEJKJjIhoLKMe| WELDER     | Year 1| Module 1      | 14 Heat and temperature                                   | An essential training session for welder trade students explaining the difference between heat and temperature, thermal expansion, and their critical impact on metal properties and weld quality.                              | RR7uSqTbhPI?si=DGFG-4L9rZIK5y0_| 
playlist?list=PL82K0I4-0q_zPGfUdx1suNJrUYabWej07&si=3rCJEJKJjIhoLKMe| WELDER     | Year 1| Module 1      | 15 Principles of Arc welding                              | An essential foundational guide for Welder trade students covering the core principles of arc welding, electrical circuitry, and the mechanics of creating a stable welding arc.                                                | 7XXr9CyiKPQ?si=H_vBdxFIlrQXEGN4| 
playlist?list=PL82K0I4-0q_zPGfUdx1suNJrUYabWej07&si=3rCJEJKJjIhoLKMe| WELDER     | Year 1| Module 1      | 16 Common gases used for welding                          | An essential guide for Welder trade students covering the properties, functions, and safety measures of shielding and fuel gases like acetylene, oxygen, argon, and CO2.                                                        | Bxqh1T7bMh0?si=4st38u81c6ssC0BT| 
playlist?list=PL82K0I4-0q_zPGfUdx1suNJrUYabWej07&si=3rCJEJKJjIhoLKMe| WELDER     | Year 1| Module 1      | 17 Oxy - acetylene cutting equipment                      | A foundational training video for Welder trade students covering the setup, safety protocols, and operational techniques of oxy-acetylene cutting equipment.                                                                    | HaiRuhlt0ss?si=i2tHzuRg0-MO2NpR| 
playlist?list=PL82K0I4-0q_zPGfUdx1suNJrUYabWej07&si=3rCJEJKJjIhoLKMe| WELDER     | Year 1| Module 1      | 18 Oxy-Acetylene Cutting Torch                            | An essential instructional video for ITI Welder students detailing the setup, operation, and safety protocols for utilizing the oxy-acetylene cutting torch.                                                                    | OxihI9vD4DM?si=G5RlgdpzQdTjbyOu| 
playlist?list=PL82K0I4-0q_zPGfUdx1suNJrUYabWej07&si=3rCJEJKJjIhoLKMe| WELDER     | Year 1| Module 1      | 19 Analyzing Gas Cutting Defects                          | A practical guide for Welder trade trainees on identifying, analyzing, and troubleshooting common defects in oxy-fuel gas cutting to ensure high-quality, precise finishes.                                                     | bdiL7NYbqwM?si=O3Z0mXrZj_josgGy| 
playlist?list=PL82K0I4-0q_yeDVb0M36x-B2Lat4KdqgW&si=6bwD1d4zX6pIumYQ| WELDER     | Year 1| Module 2      | 1 Fundamentals of Arc Welding Power                       | A foundational technical guide for Welder trade students explaining the principles of arc welding power sources, current types, and voltage characteristics required for stable arc control.                                    | z8UrS-8qZ9Q?si=cry1pCTgaMsqk4tN| 
playlist?list=PL82K0I4-0q_yeDVb0M36x-B2Lat4KdqgW&si=6bwD1d4zX6pIumYQ| WELDER     | Year 1| Module 2      | 2 Welding Machine Fundamentals                            | An essential training video for ITI Welder students introducing different types of welding machines, their core components, setting adjustments, and foundational operation principles.                                         | _Io248I-Jjc?si=g7uGmCvmd2biGg4q| 
playlist?list=PL82K0I4-0q_yeDVb0M36x-B2Lat4KdqgW&si=6bwD1d4zX6pIumYQ| WELDER     | Year 1| Module 2      | 3 Principles of Welding Slope and Rotation                | An essential technical session for Welder trade students explaining the principles of weld slope and rotation, and how these angles define different welding positions.                                                         | ARpAYZ4SyXE?si=UBE2g5rD3W2h2Eq1| 
playlist?list=PL82K0I4-0q_yeDVb0M36x-B2Lat4KdqgW&si=6bwD1d4zX6pIumYQ| WELDER     | Year 1| Module 2      | 4 Welding Symbols and Techniques                          | A foundational video for ITI Welder students explaining standard welding symbols, engineering drawing interpretations, and core joint fabrication techniques.                                                                   | Du9p5IoHL1M?si=8mYDG-2o7q8_pJ7K| 
playlist?list=PL82K0I4-0q_yeDVb0M36x-B2Lat4KdqgW&si=6bwD1d4zX6pIumYQ| WELDER     | Year 1| Module 2      | 5 Welding Arc Length                                      | An essential technical session for Welder trade students explaining correct arc length control, its impact on weld quality, and how to maintain arc stability.                                                                  | bvw8j84-p4Q?si=mC5_9RkqE6iOZvwI| 
playlist?list=PL82K0I4-0q_yeDVb0M36x-B2Lat4KdqgW&si=6bwD1d4zX6pIumYQ| WELDER     | Year 1| Module 2      | 6 Fundamentals of Polarity                                | An essential guide for Welder trade students explaining the principles of AC and DC currents, straight versus reverse polarity, and how electrode connection affects heat distribution and weld quality.                        | 9fo_zzTl2Dk?si=dM8IqRjM5lJg7dOT| 
playlist?list=PL82K0I4-0q_xDFf6_w-RZv5STleSfb40f&si=0BXjkS2fjSqQOhGU| WELDER     | Year 1| Module 3      | 1 Welding Quality and Inspection Standards                | An essential training overview for ITI Welder students covering weld quality criteria, common defect identification, and international inspection standards.                                                                    | GG8iuh7fL-E?si=SInBPcJf79PDmXio| 
playlist?list=PL82K0I4-0q_xDFf6_w-RZv5STleSfb40f&si=0BXjkS2fjSqQOhGU| WELDER     | Year 1| Module 3      | 2 Welding Gauges Theory and Application                   | A foundational guide for Welder trade students covering the theoretical principles, measurement techniques, and practical applications of various welding gauges for defect inspection.                                         | HB1ohJQ4HBc?si=z_Wjdq_hWBsYBFJf| 
playlist?list=PL82K0I4-0q_xDFf6_w-RZv5STleSfb40f&si=0BXjkS2fjSqQOhGU| WELDER     | Year 1| Module 3      | 3 Calcium Carbide and Acetylene Gas                       | A foundational training video for ITI Welder students explaining the chemical properties of calcium carbide and its reaction to produce acetylene gas for gas welding operations.                                               | AiR2Qpz1SwQ?si=T9nkbtb4526nS0Qd| 
playlist?list=PL82K0I4-0q_xDFf6_w-RZv5STleSfb40f&si=0BXjkS2fjSqQOhGU| WELDER     | Year 1| Module 3      | 4 Oxygen and Acetylene Gas Properties                     | An essential training video for Welder trade students detailing the chemical properties, combustion characteristics, and safe handling of oxygen and acetylene gases.                                                           | sXxx2hBOdWM?si=8Hkh43llqhQN8NJl| 
playlist?list=PL82K0I4-0q_xDFf6_w-RZv5STleSfb40f&si=0BXjkS2fjSqQOhGU| WELDER     | Year 1| Module 3      | 5 Industrial Gas Acetylene Cylinder                       | An essential safety and technical guide for ITI Welder students on handling, storing, and safely utilizing acetylene cylinders in industrial gas welding operations.                                                            | CI4oLQ5Vadg?si=a6w7ZwMesXGdQrSC| 
playlist?list=PL82K0I4-0q_xDFf6_w-RZv5STleSfb40f&si=0BXjkS2fjSqQOhGU| WELDER     | Year 1| Module 3      | 6 Gas Regulation and Oxy-Acetylene                        | An essential training session for ITI Welder students covering safe gas pressure regulation, equipment setup, and the core techniques of oxy-acetylene welding.                                                                 | -S7pt9WgJdA?si=wnk5wIhVZO3zXtkW| 
playlist?list=PL82K0I4-0q_xDFf6_w-RZv5STleSfb40f&si=0BXjkS2fjSqQOhGU| WELDER     | Year 1| Module 3      | 7 Gas Welding Techniques                                  | A foundational training session for ITI Welder students covering essential gas welding techniques, flame adjustment, safety protocols, and proper equipment handling.                                                           | 7mwtkoUP9Ok?si=84XtmDclq2rCP3Zb| 
playlist?list=PL82K0I4-0q_xDFf6_w-RZv5STleSfb40f&si=0BXjkS2fjSqQOhGU| WELDER     | Year 1| Module 3      | 8 Mastering Arc Blow                                      | An essential technical guide for ITI Welder students on understanding, preventing, and controlling arc blow to ensure high-quality, defect-free welding joints.                                                                 | hFcdgm-12fk?si=MPcSJZFlwv7fzE3Y| 
playlist?list=PL82K0I4-0q_xDFf6_w-RZv5STleSfb40f&si=0BXjkS2fjSqQOhGU| WELDER     | Year 1| Module 3      | 9 Controlling Distortion in Arc                           | A practical training guide for ITI Welder students explaining the causes of distortion in arc welding and the essential techniques used to prevent and control it.                                                              | wfZoIshEkC8?si=rxyvAnFHs-q3-4Oq| 
playlist?list=PL82K0I4-0q_xDFf6_w-RZv5STleSfb40f&si=0BXjkS2fjSqQOhGU| WELDER     | Year 1| Module 3      | 10 Techniques for Controlling Welding Distortion          | A practical guide for ITI Welder students exploring effective clamping, sequencing, and thermal techniques to prevent and control distortion during welding operations.                                                         | z3L3f5_bAlM?si=6CnA-GsFpW7-egun| 
playlist?list=PL82K0I4-0q_xDFf6_w-RZv5STleSfb40f&si=0BXjkS2fjSqQOhGU| WELDER     | Year 1| Module 3      | 11 Arc Welding Defects                                    | An essential troubleshooting guide for ITI Welder students explaining common arc welding defects, their root causes, and practical corrective actions to ensure quality welds.                                                  | ja48KeEUEf4?si=-vBBdZUaobOzyTvz| 
playlist?list=PL82K0I4-0q_xDFf6_w-RZv5STleSfb40f&si=0BXjkS2fjSqQOhGU| WELDER     | Year 1| Module 3      | 12 Fundamentals of Pipe Welding                           | An essential training video for Welder trade students covering the core techniques of pipe welding and how to identify, prevent, and rectify common arc welding defects.                                                        | G6yggfvktWM?si=uP2_JKkBgTRL2dfp| 
playlist?list=PL82K0I4-0q_xDFf6_w-RZv5STleSfb40f&si=0BXjkS2fjSqQOhGU| WELDER     | Year 1| Module 3      | 13 Industrial Pipe Welding Procedures                     | A comprehensive guide for ITI Welder students detailing industrial pipe welding procedures, including joint preparation, positioning, and safety standards for robust structural welds.                                         | b1LfdWqFWeY?si=qPjNzc_PC6wcXAcW| 
playlist?list=PL82K0I4-0q_xDFf6_w-RZv5STleSfb40f&si=0BXjkS2fjSqQOhGU| WELDER     | Year 1| Module 3      | 14 Plate Versus Pipe Welding Techniques                   | A fundamental training guide for ITI Welder students comparing the unique joint configurations, positioning challenges, and technique variations between plate and pipe welding.                                                | vboJW0FwpBY?si=7FniX6mN2_iJm6i0| 
playlist?list=PL82K0I4-0q_xDFf6_w-RZv5STleSfb40f&si=0BXjkS2fjSqQOhGU| WELDER     | Year 1| Module 3      | 15 Pipe Pattern Development Techniques                    | A practical, step-by-step guide for ITI Welder students on mastering pipe pattern development layouts, template marking, and precise cutting techniques for pipe joints.                                                        | vboJW0FwpBY?si=IDFPWUL2dCETVWsU| 
playlist?list=PL82K0I4-0q_xDFf6_w-RZv5STleSfb40f&si=0BXjkS2fjSqQOhGU| WELDER     | Year 1| Module 3      | 16 Cylindrical Pipe Development                           | A practical, step-by-step guide for ITI Welder students on creating accurate surface development layouts for cylindrical pipes before cutting and fabrication.                                                                  | 2qKOzXFXpW0?si=xuxqCXBChR2NYqmm| 
playlist?list=PL82K0I4-0q_xDFf6_w-RZv5STleSfb40f&si=0BXjkS2fjSqQOhGU| WELDER     | Year 1| Module 3      | 17 Gas Welding Manifold Systems and Filler Rod            | An essential training guide for ITI Welder students on the setup of gas welding manifold systems, gas safety regulations, and the correct selection of filler rods.                                                             | VHiF7eT4i10?si=cErWnHVfsqOZGNyd| 
playlist?list=PL82K0I4-0q_xDFf6_w-RZv5STleSfb40f&si=0BXjkS2fjSqQOhGU| WELDER     | Year 1| Module 3      | 18 Gas Welding Fluxes                                     | An essential technical guide for ITI Welder students explaining the purpose, types, and correct application of fluxes in gas welding to prevent oxidation and ensure strong joints.                                             | BSomS7T9_9Q?si=odgwsXf1-hgne5_n| 
playlist?list=PL82K0I4-0q_xDFf6_w-RZv5STleSfb40f&si=0BXjkS2fjSqQOhGU| WELDER     | Year 1| Module 3      | 19 Brazing and Soldering                                  | An essential instructional video for ITI Welder students explaining the fundamentals, equipment, and step-by-step techniques for professional brazing and soldering operations.                                                 | 52LA1FeA2f0?si=5_LzDe8mAHjNyJet| 
playlist?list=PL82K0I4-0q_xDFf6_w-RZv5STleSfb40f&si=0BXjkS2fjSqQOhGU| WELDER     | Year 1| Module 3      | 20 Gas Welding Defects                                    | An essential guide for ITI Welder students identifying common gas welding defects, their root causes, and practical corrective actions to ensure quality welds.                                                                 | QojTpqgiWvo?si=ze5NP3FPYSAVXskM| 
playlist?list=PL82K0I4-0q_xDFf6_w-RZv5STleSfb40f&si=0BXjkS2fjSqQOhGU| WELDER     | Year 1| Module 3      | 21 Welding Electrode Fundamentals                         | An essential foundational guide for ITI Welder students explaining different welding electrode types, their classification codes, and proper selection criteria for various metals.                                             | FrsfEALWu6c?si=7aU-Y5OFs3GPClvx| 
playlist?list=PL82K0I4-0q_xDFf6_w-RZv5STleSfb40f&si=0BXjkS2fjSqQOhGU| WELDER     | Year 1| Module 3      | 22 Welding Electrode Classification                       | An essential guide for ITI Welder students explaining the standard classification systems, coding symbols, and selection criteria for different types of welding electrodes.                                                    | 0azzS5Bhxec?si=MwgdqEpJdlqD7U80| 
playlist?list=PL82K0I4-0q_xDFf6_w-RZv5STleSfb40f&si=0BXjkS2fjSqQOhGU| WELDER     | Year 1| Module 3      | 23 Electrode Care and Thermal Control                     | An essential training video for ITI Welder students on the proper storage, handling, and reconditioning of welding electrodes alongside crucial heat-control techniques to prevent distortion.                                  | sM0NVBI1YFg?si=-Q_4AGfseAVDr3NF| 
playlist?list=PL82K0I4-0q_xDFf6_w-RZv5STleSfb40f&si=0BXjkS2fjSqQOhGU| WELDER     | Year 1| Module 3      | 24 Metallurgy of Carbon and Alloy Steels                  | An essential technical session for ITI Welder students explaining the internal structure, heat treatment principles, and weldability of carbon and alloy steels.                                                                | 43Ts2TU2S1A?si=3Pyz0BXdCXY9QV6H| 
playlist?list=PL82K0I4-0q_xDFf6_w-RZv5STleSfb40f&si=0BXjkS2fjSqQOhGU| WELDER     | Year 1| Module 3      | 25 Stainless Steel Welding                                | An essential training session for ITI Welder students detailing the techniques, safety protocols, and optimal filler materials required for high-quality stainless steel welding.                                               | GfyUFuK2Img?si=7ooyFYOyfrTHVK8P| 
playlist?list=PL82K0I4-0q_xDFf6_w-RZv5STleSfb40f&si=0BXjkS2fjSqQOhGU| WELDER     | Year 1| Module 3      | 26 Welding and Brazing Copper Tubes                       | A foundational training video for ITI Welder students demonstrating the essential techniques, safety protocols, and joint preparation methods for welding and brazing copper tubes.                                             | -ML5N1FRmAI?si=GG1Gw8pvvhsWRTjJ| 
playlist?list=PL82K0I4-0q_xDFf6_w-RZv5STleSfb40f&si=0BXjkS2fjSqQOhGU| WELDER     | Year 1| Module 3      | 27 Copper Welding Techniques                              | A specialized technical session for ITI Welder students covering the essentials of copper welding, including material preparation, joint design, and specific gas or arc welding techniques.                                    | 3PEpgJ5wQmA?si=EYtOOlr-sTrt_Us-| 
playlist?list=PL82K0I4-0q_xDFf6_w-RZv5STleSfb40f&si=0BXjkS2fjSqQOhGU| WELDER     | Year 1| Module 3      | 28 Brazing Tools and Aluminum Welding Metallurgy          | An essential technical session for ITI Welder students explaining the selection of specialized brazing tools and the metallurgical principles of welding aluminum and its alloys.                                               | Ev0TM0K1WRM?si=mxIi3uTGfFFXBvMk| 
playlist?list=PL82K0I4-0q_xDFf6_w-RZv5STleSfb40f&si=0BXjkS2fjSqQOhGU| WELDER     | Year 1| Module 3      | 29 Principles of Arc Cutting and Gouging                  | An essential theory session for ITI Welder students explaining the fundamental principles, safety rules, equipment setups, and techniques required for efficient air carbon arc cutting and gouging.                            | IvvjSISF_Fc?si=mFjCxQa5nI-fMJLw| 
playlist?list=PL82K0I4-0q_xDFf6_w-RZv5STleSfb40f&si=0BXjkS2fjSqQOhGU| WELDER     | Year 1| Module 3      | 30 Cast Iron Welding Metallurgy and Techniques            | A specialized technical guide for Welder trade students covering the metallurgy of cast iron, preheating requirements, and essential welding techniques to prevent cracking.                                                    | vZVtky5KTR8?si=qCQ9bOnezYTqkALk| 
playlist?list=PL82K0I4-0q_xZBAvpNpPYqJ7m6pNIY005&si=EZwRwA3Tu5_LpIBM| WELDER     | Year 1| Module 4      | 1 Welding Inspection and Testing                          | An essential technical overview for ITI Welder students detailing destructive and non-destructive testing (NDT) methods used to evaluate weld quality and ensure safety standards.                                              | Q6LBz_xIdGw?si=eJJEJ-DwIfVnxt-q| 
playlist?list=PL82K0I4-0q_xZBAvpNpPYqJ7m6pNIY005&si=EZwRwA3Tu5_LpIBM| WELDER     | Year 1| Module 4      | 2 Principles of Industrial Weld Testing and Analysis      | An essential training video for ITI Welder students explaining the core principles of destructive and non-destructive weld testing, quality analysis, and defect inspection techniques.                                         | 9d8VERG2fiw?si=Q2_bYfPaTbKgRUtM| 
playlist?list=PL82K0I4-0q_xZBAvpNpPYqJ7m6pNIY005&si=EZwRwA3Tu5_LpIBM| WELDER     | Year 1| Module 4      | 3 Welding Economics                                       | A comprehensive overview for ITI Welder students analyzing the factors that influence welding production costs, including material selection, labor efficiency, and power consumption.                                          | XQ_CRQTkVrs?si=Lk10nFYqjJrjrHfl| 
playlist?list=PL82K0I4-0q_xBMdIs2qBr-KxjdZXjod7R&si=aU3qtJ-S0dxC-MSO| WELDER     | Year 1| Module 5      | 1 Gas Metal Arc Welding Fundamentals                      | An essential introductory guide for Welder trade students covering the fundamental principles, equipment setup, and core techniques of Gas Metal Arc Welding (GMAW/MIG).                                                        | 5EIO0R_m0yg?si=BH-dsQ7zFVvQj8ly| 
playlist?list=PL82K0I4-0q_xBMdIs2qBr-KxjdZXjod7R&si=aU3qtJ-S0dxC-MSO| WELDER     | Year 1| Module 5      | 2 Fundamentals of Gas Metal Arc Welding                   | A foundational training session for Welder trade students covering the core principles, equipment setup, and essential techniques of Gas Metal Arc Welding (GMAW/MIG).                                                          | yMTU6hBTuto?si=jmGjPn-oFiH-nMgb| 
playlist?list=PL82K0I4-0q_xBMdIs2qBr-KxjdZXjod7R&si=aU3qtJ-S0dxC-MSO| WELDER     | Year 1| Module 5      | 3 GMAW Wire                                               | An essential training video for ITI Welder students explaining Gas Metal Arc Welding (GMAW) wire types, classification, and selecting the correct filler metal for different materials.                                         | UGIXBYhnVcc?si=nst5B5EID4HYHgzg| 
playlist?list=PL82K0I4-0q_xBMdIs2qBr-KxjdZXjod7R&si=aU3qtJ-S0dxC-MSO| WELDER     | Year 1| Module 5      | 4 Gas Metal and Flux Cored Arc                            | An essential training video for ITI Welder students covering the principles, equipment setup, and techniques for Gas Metal Arc Welding (GMAW) and Flux-Cored Arc Welding (FCAW).                                                | D3RI1bbEPAY?si=ICtuW3K1k4Ln-wbg| 
playlist?list=PL82K0I4-0q_xBMdIs2qBr-KxjdZXjod7R&si=aU3qtJ-S0dxC-MSO| WELDER     | Year 1| Module 5      | 5 GMAW Edge Preparation                                   | A practical training session for ITI Welder students explaining essential joint design and edge preparation techniques for Gas Metal Arc Welding (GMAW).                                                                        | 0Q0Imb9yRZk?si=qRvwZ6y6AGFdR9ka| 
playlist?list=PL82K0I4-0q_xBMdIs2qBr-KxjdZXjod7R&si=aU3qtJ-S0dxC-MSO| WELDER     | Year 1| Module 5      | 6 Welding Heat Input                                      | An essential technical overview for ITI Welder students explaining the calculation of welding heat input, its variables, and its critical impact on microstructural changes and weld quality.                                   | c31WFmCxX4Y?si=gA8WCTDjCfGI0YYc| 
playlist?list=PL82K0I4-0q_xBMdIs2qBr-KxjdZXjod7R&si=aU3qtJ-S0dxC-MSO| WELDER     | Year 1| Module 5      | 7 Gas Metal Arc Welding                                   | An essential training video for Welder trade students covering the core principles, equipment setup, and proper techniques of Gas Metal Arc Welding (GMAW/MIG).                                                                 | rnuWrodDx8k?si=ueC2lc0pqgvCSjeI| 
playlist?list=PL82K0I4-0q_xBMdIs2qBr-KxjdZXjod7R&si=aU3qtJ-S0dxC-MSO| WELDER     | Year 1| Module 5      | 8 Submerged Arc Welding                                   | A foundational video for Welder trade students explaining the principles, equipment, and safety protocols of the Submerged Arc Welding (SAW) process.                                                                           | geWd9v0QMOg?si=NFUuBvfWAaROFYOG| 
playlist?list=PL82K0I4-0q_xBMdIs2qBr-KxjdZXjod7R&si=aU3qtJ-S0dxC-MSO| WELDER     | Year 1| Module 5      | 9 Thermit Welding Processes                               | A specialized training video for ITI Welder students explaining the principles, equipment setup, and chemical reactions involved in the Thermit welding process.                                                                | a7pawqGdd1s?si=0caUFGzpl7CoDdUt| 
playlist?list=PL82K0I4-0q_weU4o4YWyMilYirhJATM1R&si=Qbje1W0Af-xRhk5r| WELDER     | Year 1| Module 6      | 1 Gas Tungsten Arc Welding                                | An essential training session for ITI Welder students covering the core concepts, equipment setup, and techniques for Gas Tungsten Arc Welding (GTAW) and Thermit welding processes.                                            | he_cr2UGin8?si=8XyKtlZwe9KBKsJI| 
playlist?list=PL82K0I4-0q_weU4o4YWyMilYirhJATM1R&si=Qbje1W0Af-xRhk5r| WELDER     | Year 1| Module 6      | 2 GTAW Current Types                                      | An essential technical guide for ITI Welder students explaining GTAW (TIG) current types—DCEN, DCEP, and AC—and their specific effects on penetration, cleaning action, and electrode life.                                     | OoZQ7f7l2Rk?si=i3vHUoRvxb4V8Kaw| 
playlist?list=PL82K0I4-0q_weU4o4YWyMilYirhJATM1R&si=Qbje1W0Af-xRhk5r| WELDER     | Year 1| Module 6      | 3 GTAW ACDC Power                                         | An essential technical session for ITI Welder students explaining the principles of AC/DC power sources in Gas Tungsten Arc Welding (GTAW/TIG), focusing on current selection and polarity effects.                             | WKXKC466-_U?si=qp8zbb30HAygcwfM| 
playlist?list=PL82K0I4-0q_weU4o4YWyMilYirhJATM1R&si=Qbje1W0Af-xRhk5r| WELDER     | Year 1| Module 6      | 4 Tungsten Electrodes                                     | An essential technical guide for ITI Welder students explaining the different types of tungsten electrodes, color-coding standards, and their specific applications in TIG welding.                                             | g_VEUwQyJMQ?si=p9qwPIwdbQy0jdJ4| 
playlist?list=PL82K0I4-0q_weU4o4YWyMilYirhJATM1R&si=Qbje1W0Af-xRhk5r| WELDER     | Year 1| Module 6      | 5 GTAW Torches                                            | An essential technical guide for ITI Welder students explaining GTAW (TIG) torch components, collet and nozzle selections, and proper handling for precise arc control.                                                         | tWgGyQSmgQY?si=U9gOaf1FBQbKGVu4| 
playlist?list=PL82K0I4-0q_weU4o4YWyMilYirhJATM1R&si=Qbje1W0Af-xRhk5r| WELDER     | Year 1| Module 6      | 6 GTAW Filler Rods                                        | A specialized training video for ITI Welder students explaining how to select and use GTAW (TIG) filler rods based on material composition, thickness, and welding specifications.                                              | nQ2UsgYF-c4?si=OYrgGASJ0tco4oc5| 
playlist?list=PL82K0I4-0q_weU4o4YWyMilYirhJATM1R&si=Qbje1W0Af-xRhk5r| WELDER     | Year 1| Module 6      | 7 Gas Tungsten Arc Welding                                | An essential training guide for Welder trade students covering the core principles, equipment setup, and precise techniques of Gas Tungsten Arc Welding (GTAW/TIG).                                                             | bLi64xkOK94?si=2mO3VIVCcEkvS_Hg| 
playlist?list=PL82K0I4-0q_weU4o4YWyMilYirhJATM1R&si=Qbje1W0Af-xRhk5r| WELDER     | Year 1| Module 6      | 8 Friction and Laser Beam Welding                         | An advanced training video for Welder trade students explaining the principles, equipment setups, and operational techniques for both Friction Welding and Laser Beam Welding.                                                  | UxaIeM8EU5Y?si=LHQgIpO3WzqPrYjR| 
playlist?list=PL82K0I4-0q_xE9u8v8brf4FHxNsS9fCJL&si=xpRQKf-Iof_pXv7y| WELDER     | Year 1| Module 7      | 1 Metallizing and Powder Coating                          | An essential technical overview for ITI Welder students explaining the processes, surface preparation, and protective benefits of metallizing and powder coating techniques.                                                    | JAleGOKyaYM?si=_mZKCh9ashF_Dm6M| 
playlist?list=PL82K0I4-0q_xE9u8v8brf4FHxNsS9fCJL&si=xpRQKf-Iof_pXv7y| WELDER     | Year 1| Module 7      | 2 Blueprint for Assembly Drawing Reading                  | A fundamental training guide for ITI Welder students on interpreting engineering blueprints, decoding welding symbols, and understanding assembly drawings for fabrication.                                                     | BZNGXhMTdlA?si=s_mbL__0KybFNGQ4| 
playlist?list=PL82K0I4-0q_xE9u8v8brf4FHxNsS9fCJL&si=xpRQKf-Iof_pXv7y| WELDER     | Year 1| Module 7      | 3 Welding Procedure Specifications                        | An essential training video for ITI Welder students explaining how to read, interpret, and apply Welding Procedure Specifications (WPS) to ensure code-compliant and high-quality welds.                                        | 5DVzkJ5NhfE?si=cb3s7AB74CS0DOCD| 
playlist?list=PL82K0I4-0q_xE9u8v8brf4FHxNsS9fCJL&si=xpRQKf-Iof_pXv7y| WELDER     | Year 1| Module 7      | 4 Hard Facing in Welding                                  | An essential training video for ITI Welder students explaining the hard facing process to extend component life by depositing wear-resistant alloys onto metal surfaces.                                                        | 84-JAykYIo0?si=AwHawjmVpNywbiGe| 
playlist?list=PL82K0I4-0q_xE9u8v8brf4FHxNsS9fCJL&si=xpRQKf-Iof_pXv7y| WELDER     | Year 1| Module 7      | 5 Hot Air Plastic Welding                                 | An essential instructional video for ITI Welder students demonstrating the techniques, equipment setup, and safety protocols for joining thermoplastic materials using hot air plastic welding.                                 | anFG0pZTBgo?si=CRKmtBpbjTby2fcF| 